index,seed,env_theory,env_test,steps,agent,action,activation_rate
0,0,rware-img-3-tiny-2ag-v2,rware-img-3-tiny-2ag-v2,1001000,0,noop,0.0
1,0,rware-img-3-tiny-2ag-v2,rware-img-3-tiny-2ag-v2,1001000,0,forward,0.0390625
2,0,rware-img-3-tiny-2ag-v2,rware-img-3-tiny-2ag-v2,1001000,0,left,0.058011049723756904
3,0,rware-img-3-tiny-2ag-v2,rware-img-3-tiny-2ag-v2,1001000,0,right,0.060498220640569395
4,0,rware-img-3-tiny-2ag-v2,rware-img-3-tiny-2ag-v2,1001000,0,load,0.0
0,0,rware-img-3-tiny-2ag-v2,rware-img-3-tiny-2ag-v2,1001000,1,noop,0.0
1,0,rware-img-3-tiny-2ag-v2,rware-img-3-tiny-2ag-v2,1001000,1,forward,0.0
2,0,rware-img-3-tiny-2ag-v2,rware-img-3-tiny-2ag-v2,1001000,1,left,0.06582278481012659
3,0,rware-img-3-tiny-2ag-v2,rware-img-3-tiny-2ag-v2,1001000,1,right,0.12367491166077739
4,0,rware-img-3-tiny-2ag-v2,rware-img-3-tiny-2ag-v2,1001000,1,load,0.008333333333333333
0,0,rware-img-3-tiny-2ag-v2,rware-img-3-tiny-2ag-v2,2001000,0,noop,0.0
1,0,rware-img-3-tiny-2ag-v2,rware-img-3-tiny-2ag-v2,2001000,0,forward,0.05750798722044728
2,0,rware-img-3-tiny-2ag-v2,rware-img-3-tiny-2ag-v2,2001000,0,left,0.28256513026052105
3,0,rware-img-3-tiny-2ag-v2,rware-img-3-tiny-2ag-v2,2001000,0,right,0.30434782608695654
4,0,rware-img-3-tiny-2ag-v2,rware-img-3-tiny-2ag-v2,2001000,0,load,0.05
0,0,rware-img-3-tiny-2ag-v2,rware-img-3-tiny-2ag-v2,2001000,1,noop,0.0
1,0,rware-img-3-tiny-2ag-v2,rware-img-3-tiny-2ag-v2,2001000,1,forward,0.043859649122807015
2,0,rware-img-3-tiny-2ag-v2,rware-img-3-tiny-2ag-v2,2001000,1,left,0.229126213592233
3,0,rware-img-3-tiny-2ag-v2,rware-img-3-tiny-2ag-v2,2001000,1,right,0.07272727272727272
4,0,rware-img-3-tiny-2ag-v2,rware-img-3-tiny-2ag-v2,2001000,1,load,0.10526315789473684
0,0,rware-img-3-tiny-2ag-v2,rware-img-3-tiny-2ag-v2,3001000,0,noop,0.0
1,0,rware-img-3-tiny-2ag-v2,rware-img-3-tiny-2ag-v2,3001000,0,forward,0.11177347242921014
2,0,rware-img-3-tiny-2ag-v2,rware-img-3-tiny-2ag-v2,3001000,0,left,0.1686746987951807
3,0,rware-img-3-tiny-2ag-v2,rware-img-3-tiny-2ag-v2,3001000,0,right,0.0
4,0,rware-img-3-tiny-2ag-v2,rware-img-3-tiny-2ag-v2,3001000,0,load,0.0
0,0,rware-img-3-tiny-2ag-v2,rware-img-3-tiny-2ag-v2,3001000,1,noop,0.0
1,0,rware-img-3-tiny-2ag-v2,rware-img-3-tiny-2ag-v2,3001000,1,forward,0.24273255813953487
2,0,rware-img-3-tiny-2ag-v2,rware-img-3-tiny-2ag-v2,3001000,1,left,0.017064846416382253
3,0,rware-img-3-tiny-2ag-v2,rware-img-3-tiny-2ag-v2,3001000,1,right,0.0
4,0,rware-img-3-tiny-2ag-v2,rware-img-3-tiny-2ag-v2,3001000,1,load,0.19047619047619047
0,0,rware-img-3-tiny-2ag-v2,rware-img-3-tiny-2ag-v2,4001000,0,noop,0.0
1,0,rware-img-3-tiny-2ag-v2,rware-img-3-tiny-2ag-v2,4001000,0,forward,0.18931297709923664
2,0,rware-img-3-tiny-2ag-v2,rware-img-3-tiny-2ag-v2,4001000,0,left,0.15030674846625766
3,0,rware-img-3-tiny-2ag-v2,rware-img-3-tiny-2ag-v2,4001000,0,right,0.0
4,0,rware-img-3-tiny-2ag-v2,rware-img-3-tiny-2ag-v2,4001000,0,load,0.0
0,0,rware-img-3-tiny-2ag-v2,rware-img-3-tiny-2ag-v2,4001000,1,noop,0.0
1,0,rware-img-3-tiny-2ag-v2,rware-img-3-tiny-2ag-v2,4001000,1,forward,0.25036603221083453
2,0,rware-img-3-tiny-2ag-v2,rware-img-3-tiny-2ag-v2,4001000,1,left,0.11636363636363636
3,0,rware-img-3-tiny-2ag-v2,rware-img-3-tiny-2ag-v2,4001000,1,right,0.0
4,0,rware-img-3-tiny-2ag-v2,rware-img-3-tiny-2ag-v2,4001000,1,load,0.16666666666666666
0,0,rware-img-3-tiny-2ag-v2,rware-img-3-tiny-2ag-v2,5001000,0,noop,0.0
1,0,rware-img-3-tiny-2ag-v2,rware-img-3-tiny-2ag-v2,5001000,0,forward,0.13981358189081225
2,0,rware-img-3-tiny-2ag-v2,rware-img-3-tiny-2ag-v2,5001000,0,left,0.16216216216216217
3,0,rware-img-3-tiny-2ag-v2,rware-img-3-tiny-2ag-v2,5001000,0,right,0.16666666666666666
4,0,rware-img-3-tiny-2ag-v2,rware-img-3-tiny-2ag-v2,5001000,0,load,0.25
0,0,rware-img-3-tiny-2ag-v2,rware-img-3-tiny-2ag-v2,5001000,1,noop,0.0
1,0,rware-img-3-tiny-2ag-v2,rware-img-3-tiny-2ag-v2,5001000,1,forward,0.09796437659033079
2,0,rware-img-3-tiny-2ag-v2,rware-img-3-tiny-2ag-v2,5001000,1,left,0.11560693641618497
3,0,rware-img-3-tiny-2ag-v2,rware-img-3-tiny-2ag-v2,5001000,1,right,0.18181818181818182
4,0,rware-img-3-tiny-2ag-v2,rware-img-3-tiny-2ag-v2,5001000,1,load,0.46153846153846156
0,0,rware-img-3-tiny-2ag-v2,rware-img-3-tiny-2ag-v2,6001000,0,noop,0.0
1,0,rware-img-3-tiny-2ag-v2,rware-img-3-tiny-2ag-v2,6001000,0,forward,0.268
2,0,rware-img-3-tiny-2ag-v2,rware-img-3-tiny-2ag-v2,6001000,0,left,0.045
3,0,rware-img-3-tiny-2ag-v2,rware-img-3-tiny-2ag-v2,6001000,0,right,0.045454545454545456
4,0,rware-img-3-tiny-2ag-v2,rware-img-3-tiny-2ag-v2,6001000,0,load,0.10526315789473684
0,0,rware-img-3-tiny-2ag-v2,rware-img-3-tiny-2ag-v2,6001000,1,noop,0.0
1,0,rware-img-3-tiny-2ag-v2,rware-img-3-tiny-2ag-v2,6001000,1,forward,0.1164021164021164
2,0,rware-img-3-tiny-2ag-v2,rware-img-3-tiny-2ag-v2,6001000,1,left,0.02564102564102564
3,0,rware-img-3-tiny-2ag-v2,rware-img-3-tiny-2ag-v2,6001000,1,right,0.0
4,0,rware-img-3-tiny-2ag-v2,rware-img-3-tiny-2ag-v2,6001000,1,load,0.5
0,0,rware-img-3-tiny-2ag-v2,rware-img-3-tiny-2ag-v2,7001000,0,noop,0.0
1,0,rware-img-3-tiny-2ag-v2,rware-img-3-tiny-2ag-v2,7001000,0,forward,0.10627400768245839
2,0,rware-img-3-tiny-2ag-v2,rware-img-3-tiny-2ag-v2,7001000,0,left,0.22099447513812154
3,0,rware-img-3-tiny-2ag-v2,rware-img-3-tiny-2ag-v2,7001000,0,right,0.13333333333333333
4,0,rware-img-3-tiny-2ag-v2,rware-img-3-tiny-2ag-v2,7001000,0,load,0.696969696969697
0,0,rware-img-3-tiny-2ag-v2,rware-img-3-tiny-2ag-v2,7001000,1,noop,0.0
1,0,rware-img-3-tiny-2ag-v2,rware-img-3-tiny-2ag-v2,7001000,1,forward,0.11741935483870967
2,0,rware-img-3-tiny-2ag-v2,rware-img-3-tiny-2ag-v2,7001000,1,left,0.07027027027027027
3,0,rware-img-3-tiny-2ag-v2,rware-img-3-tiny-2ag-v2,7001000,1,right,0.08333333333333333
4,0,rware-img-3-tiny-2ag-v2,rware-img-3-tiny-2ag-v2,7001000,1,load,0.5526315789473685
0,0,rware-img-3-tiny-2ag-v2,rware-img-3-tiny-2ag-v2,20001000,0,noop,0.0
1,0,rware-img-3-tiny-2ag-v2,rware-img-3-tiny-2ag-v2,20001000,0,forward,0.1798063623789765
2,0,rware-img-3-tiny-2ag-v2,rware-img-3-tiny-2ag-v2,20001000,0,left,0.2535885167464115
3,0,rware-img-3-tiny-2ag-v2,rware-img-3-tiny-2ag-v2,20001000,0,right,0.0
4,0,rware-img-3-tiny-2ag-v2,rware-img-3-tiny-2ag-v2,20001000,0,load,0.5348837209302325
0,0,rware-img-3-tiny-2ag-v2,rware-img-3-tiny-2ag-v2,20001000,1,noop,0.0
1,0,rware-img-3-tiny-2ag-v2,rware-img-3-tiny-2ag-v2,20001000,1,forward,0.22357723577235772
2,0,rware-img-3-tiny-2ag-v2,rware-img-3-tiny-2ag-v2,20001000,1,left,0.28125
3,0,rware-img-3-tiny-2ag-v2,rware-img-3-tiny-2ag-v2,20001000,1,right,0.0
4,0,rware-img-3-tiny-2ag-v2,rware-img-3-tiny-2ag-v2,20001000,1,load,0.55
0,1,rware-img-3-tiny-2ag-v2,rware-img-3-tiny-2ag-v2,1001000,0,noop,0.0
1,1,rware-img-3-tiny-2ag-v2,rware-img-3-tiny-2ag-v2,1001000,0,forward,0.0078125
2,1,rware-img-3-tiny-2ag-v2,rware-img-3-tiny-2ag-v2,1001000,0,left,0.11878453038674033
3,1,rware-img-3-tiny-2ag-v2,rware-img-3-tiny-2ag-v2,1001000,0,right,0.08896797153024912
4,1,rware-img-3-tiny-2ag-v2,rware-img-3-tiny-2ag-v2,1001000,0,load,0.08870967741935484
0,1,rware-img-3-tiny-2ag-v2,rware-img-3-tiny-2ag-v2,1001000,1,noop,0.0
1,1,rware-img-3-tiny-2ag-v2,rware-img-3-tiny-2ag-v2,1001000,1,forward,0.04
2,1,rware-img-3-tiny-2ag-v2,rware-img-3-tiny-2ag-v2,1001000,1,left,0.04556962025316456
3,1,rware-img-3-tiny-2ag-v2,rware-img-3-tiny-2ag-v2,1001000,1,right,0.0
4,1,rware-img-3-tiny-2ag-v2,rware-img-3-tiny-2ag-v2,1001000,1,load,0.0
0,1,rware-img-3-tiny-2ag-v2,rware-img-3-tiny-2ag-v2,2001000,0,noop,0.0
1,1,rware-img-3-tiny-2ag-v2,rware-img-3-tiny-2ag-v2,2001000,0,forward,0.14376996805111822
2,1,rware-img-3-tiny-2ag-v2,rware-img-3-tiny-2ag-v2,2001000,0,left,0.08617234468937876
3,1,rware-img-3-tiny-2ag-v2,rware-img-3-tiny-2ag-v2,2001000,0,right,0.0
4,1,rware-img-3-tiny-2ag-v2,rware-img-3-tiny-2ag-v2,2001000,0,load,0.07
0,1,rware-img-3-tiny-2ag-v2,rware-img-3-tiny-2ag-v2,2001000,1,noop,0.0
1,1,rware-img-3-tiny-2ag-v2,rware-img-3-tiny-2ag-v2,2001000,1,forward,0.014619883040935672
2,1,rware-img-3-tiny-2ag-v2,rware-img-3-tiny-2ag-v2,2001000,1,left,0.23106796116504855
3,1,rware-img-3-tiny-2ag-v2,rware-img-3-tiny-2ag-v2,2001000,1,right,0.01818181818181818
4,1,rware-img-3-tiny-2ag-v2,rware-img-3-tiny-2ag-v2,2001000,1,load,0.10526315789473684
0,1,rware-img-3-tiny-2ag-v2,rware-img-3-tiny-2ag-v2,3001000,0,noop,0.0
1,1,rware-img-3-tiny-2ag-v2,rware-img-3-tiny-2ag-v2,3001000,0,forward,0.15052160953800298
2,1,rware-img-3-tiny-2ag-v2,rware-img-3-tiny-2ag-v2,3001000,0,left,0.004016064257028112
3,1,rware-img-3-tiny-2ag-v2,rware-img-3-tiny-2ag-v2,3001000,0,right,0.0
4,1,rware-img-3-tiny-2ag-v2,rware-img-3-tiny-2ag-v2,3001000,0,load,0.775
0,1,rware-img-3-tiny-2ag-v2,rware-img-3-tiny-2ag-v2,3001000,1,noop,0.0
1,1,rware-img-3-tiny-2ag-v2,rware-img-3-tiny-2ag-v2,3001000,1,forward,0.2136627906976744
2,1,rware-img-3-tiny-2ag-v2,rware-img-3-tiny-2ag-v2,3001000,1,left,0.08191126279863481
3,1,rware-img-3-tiny-2ag-v2,rware-img-3-tiny-2ag-v2,3001000,1,right,0.0
4,1,rware-img-3-tiny-2ag-v2,rware-img-3-tiny-2ag-v2,3001000,1,load,0.3333333333333333
0,1,rware-img-3-tiny-2ag-v2,rware-img-3-tiny-2ag-v2,4001000,0,noop,0.0
1,1,rware-img-3-tiny-2ag-v2,rware-img-3-tiny-2ag-v2,4001000,0,forward,0.20916030534351146
2,1,rware-img-3-tiny-2ag-v2,rware-img-3-tiny-2ag-v2,4001000,0,left,0.18711656441717792
3,1,rware-img-3-tiny-2ag-v2,rware-img-3-tiny-2ag-v2,4001000,0,right,0.3333333333333333
4,1,rware-img-3-tiny-2ag-v2,rware-img-3-tiny-2ag-v2,4001000,0,load,0.6923076923076923
0,1,rware-img-3-tiny-2ag-v2,rware-img-3-tiny-2ag-v2,4001000,1,noop,0.0
1,1,rware-img-3-tiny-2ag-v2,rware-img-3-tiny-2ag-v2,4001000,1,forward,0.13323572474377746
2,1,rware-img-3-tiny-2ag-v2,rware-img-3-tiny-2ag-v2,4001000,1,left,0.01818181818181818
3,1,rware-img-3-tiny-2ag-v2,rware-img-3-tiny-2ag-v2,4001000,1,right,0.0
4,1,rware-img-3-tiny-2ag-v2,rware-img-3-tiny-2ag-v2,4001000,1,load,0.25
0,1,rware-img-3-tiny-2ag-v2,rware-img-3-tiny-2ag-v2,5001000,0,noop,0.0
1,1,rware-img-3-tiny-2ag-v2,rware-img-3-tiny-2ag-v2,5001000,0,forward,0.17709720372836218
2,1,rware-img-3-tiny-2ag-v2,rware-img-3-tiny-2ag-v2,5001000,0,left,0.15135135135135136
3,1,rware-img-3-tiny-2ag-v2,rware-img-3-tiny-2ag-v2,5001000,0,right,0.0
4,1,rware-img-3-tiny-2ag-v2,rware-img-3-tiny-2ag-v2,5001000,0,load,0.23529411764705882
0,1,rware-img-3-tiny-2ag-v2,rware-img-3-tiny-2ag-v2,5001000,1,noop,0.0
1,1,rware-img-3-tiny-2ag-v2,rware-img-3-tiny-2ag-v2,5001000,1,forward,0.12340966921119594
2,1,rware-img-3-tiny-2ag-v2,rware-img-3-tiny-2ag-v2,5001000,1,left,0.017341040462427744
3,1,rware-img-3-tiny-2ag-v2,rware-img-3-tiny-2ag-v2,5001000,1,right,0.0
4,1,rware-img-3-tiny-2ag-v2,rware-img-3-tiny-2ag-v2,5001000,1,load,0.48717948717948717
0,1,rware-img-3-tiny-2ag-v2,rware-img-3-tiny-2ag-v2,6001000,0,noop,0.0
1,1,rware-img-3-tiny-2ag-v2,rware-img-3-tiny-2ag-v2,6001000,0,forward,0.23066666666666666
2,1,rware-img-3-tiny-2ag-v2,rware-img-3-tiny-2ag-v2,6001000,0,left,0.315
3,1,rware-img-3-tiny-2ag-v2,rware-img-3-tiny-2ag-v2,6001000,0,right,0.045454545454545456
4,1,rware-img-3-tiny-2ag-v2,rware-img-3-tiny-2ag-v2,6001000,0,load,0.5789473684210527
0,1,rware-img-3-tiny-2ag-v2,rware-img-3-tiny-2ag-v2,6001000,1,noop,0.0
1,1,rware-img-3-tiny-2ag-v2,rware-img-3-tiny-2ag-v2,6001000,1,forward,0.19973544973544974
2,1,rware-img-3-tiny-2ag-v2,rware-img-3-tiny-2ag-v2,6001000,1,left,0.14358974358974358
3,1,rware-img-3-tiny-2ag-v2,rware-img-3-tiny-2ag-v2,6001000,1,right,0.17647058823529413
4,1,rware-img-3-tiny-2ag-v2,rware-img-3-tiny-2ag-v2,6001000,1,load,0.5476190476190477
0,1,rware-img-3-tiny-2ag-v2,rware-img-3-tiny-2ag-v2,7001000,0,noop,0.0
1,1,rware-img-3-tiny-2ag-v2,rware-img-3-tiny-2ag-v2,7001000,0,forward,0.10627400768245839
2,1,rware-img-3-tiny-2ag-v2,rware-img-3-tiny-2ag-v2,7001000,0,left,0.20994475138121546
3,1,rware-img-3-tiny-2ag-v2,rware-img-3-tiny-2ag-v2,7001000,0,right,0.06666666666666667
4,1,rware-img-3-tiny-2ag-v2,rware-img-3-tiny-2ag-v2,7001000,0,load,0.6060606060606061
0,1,rware-img-3-tiny-2ag-v2,rware-img-3-tiny-2ag-v2,7001000,1,noop,0.0
1,1,rware-img-3-tiny-2ag-v2,rware-img-3-tiny-2ag-v2,7001000,1,forward,0.13419354838709677
2,1,rware-img-3-tiny-2ag-v2,rware-img-3-tiny-2ag-v2,7001000,1,left,0.31351351351351353
3,1,rware-img-3-tiny-2ag-v2,rware-img-3-tiny-2ag-v2,7001000,1,right,0.0
4,1,rware-img-3-tiny-2ag-v2,rware-img-3-tiny-2ag-v2,7001000,1,load,0.10526315789473684
0,1,rware-img-3-tiny-2ag-v2,rware-img-3-tiny-2ag-v2,20001000,0,noop,0.0
1,1,rware-img-3-tiny-2ag-v2,rware-img-3-tiny-2ag-v2,20001000,0,forward,0.2074688796680498
2,1,rware-img-3-tiny-2ag-v2,rware-img-3-tiny-2ag-v2,20001000,0,left,0.22966507177033493
3,1,rware-img-3-tiny-2ag-v2,rware-img-3-tiny-2ag-v2,20001000,0,right,0.06060606060606061
4,1,rware-img-3-tiny-2ag-v2,rware-img-3-tiny-2ag-v2,20001000,0,load,0.46511627906976744
0,1,rware-img-3-tiny-2ag-v2,rware-img-3-tiny-2ag-v2,20001000,1,noop,0.0
1,1,rware-img-3-tiny-2ag-v2,rware-img-3-tiny-2ag-v2,20001000,1,forward,0.22764227642276422
2,1,rware-img-3-tiny-2ag-v2,rware-img-3-tiny-2ag-v2,20001000,1,left,0.052083333333333336
3,1,rware-img-3-tiny-2ag-v2,rware-img-3-tiny-2ag-v2,20001000,1,right,0.075
4,1,rware-img-3-tiny-2ag-v2,rware-img-3-tiny-2ag-v2,20001000,1,load,0.625
0,2,rware-img-3-tiny-2ag-v2,rware-img-3-tiny-2ag-v2,1001000,0,noop,0.0
1,2,rware-img-3-tiny-2ag-v2,rware-img-3-tiny-2ag-v2,1001000,0,forward,0.0234375
2,2,rware-img-3-tiny-2ag-v2,rware-img-3-tiny-2ag-v2,1001000,0,left,0.0
3,2,rware-img-3-tiny-2ag-v2,rware-img-3-tiny-2ag-v2,1001000,0,right,0.0035587188612099642
4,2,rware-img-3-tiny-2ag-v2,rware-img-3-tiny-2ag-v2,1001000,0,load,0.0
0,2,rware-img-3-tiny-2ag-v2,rware-img-3-tiny-2ag-v2,1001000,1,noop,0.0
1,2,rware-img-3-tiny-2ag-v2,rware-img-3-tiny-2ag-v2,1001000,1,forward,0.048
2,2,rware-img-3-tiny-2ag-v2,rware-img-3-tiny-2ag-v2,1001000,1,left,0.017721518987341773
3,2,rware-img-3-tiny-2ag-v2,rware-img-3-tiny-2ag-v2,1001000,1,right,0.0
4,2,rware-img-3-tiny-2ag-v2,rware-img-3-tiny-2ag-v2,1001000,1,load,0.025
0,2,rware-img-3-tiny-2ag-v2,rware-img-3-tiny-2ag-v2,2001000,0,noop,0.0
1,2,rware-img-3-tiny-2ag-v2,rware-img-3-tiny-2ag-v2,2001000,0,forward,0.04792332268370607
2,2,rware-img-3-tiny-2ag-v2,rware-img-3-tiny-2ag-v2,2001000,0,left,0.3867735470941884
3,2,rware-img-3-tiny-2ag-v2,rware-img-3-tiny-2ag-v2,2001000,0,right,0.057971014492753624
4,2,rware-img-3-tiny-2ag-v2,rware-img-3-tiny-2ag-v2,2001000,0,load,0.11
0,2,rware-img-3-tiny-2ag-v2,rware-img-3-tiny-2ag-v2,2001000,1,noop,0.0
1,2,rware-img-3-tiny-2ag-v2,rware-img-3-tiny-2ag-v2,2001000,1,forward,0.005847953216374269
2,2,rware-img-3-tiny-2ag-v2,rware-img-3-tiny-2ag-v2,2001000,1,left,0.37087378640776697
3,2,rware-img-3-tiny-2ag-v2,rware-img-3-tiny-2ag-v2,2001000,1,right,0.23636363636363636
4,2,rware-img-3-tiny-2ag-v2,rware-img-3-tiny-2ag-v2,2001000,1,load,0.07894736842105263
0,2,rware-img-3-tiny-2ag-v2,rware-img-3-tiny-2ag-v2,3001000,0,noop,0.0
1,2,rware-img-3-tiny-2ag-v2,rware-img-3-tiny-2ag-v2,3001000,0,forward,0.07004470938897168
2,2,rware-img-3-tiny-2ag-v2,rware-img-3-tiny-2ag-v2,3001000,0,left,0.20883534136546184
3,2,rware-img-3-tiny-2ag-v2,rware-img-3-tiny-2ag-v2,3001000,0,right,0.0
4,2,rware-img-3-tiny-2ag-v2,rware-img-3-tiny-2ag-v2,3001000,0,load,0.0
0,2,rware-img-3-tiny-2ag-v2,rware-img-3-tiny-2ag-v2,3001000,1,noop,0.0
1,2,rware-img-3-tiny-2ag-v2,rware-img-3-tiny-2ag-v2,3001000,1,forward,0.029069767441860465
2,2,rware-img-3-tiny-2ag-v2,rware-img-3-tiny-2ag-v2,3001000,1,left,0.08191126279863481
3,2,rware-img-3-tiny-2ag-v2,rware-img-3-tiny-2ag-v2,3001000,1,right,0.0
4,2,rware-img-3-tiny-2ag-v2,rware-img-3-tiny-2ag-v2,3001000,1,load,0.0
0,2,rware-img-3-tiny-2ag-v2,rware-img-3-tiny-2ag-v2,4001000,0,noop,0.0
1,2,rware-img-3-tiny-2ag-v2,rware-img-3-tiny-2ag-v2,4001000,0,forward,0.1099236641221374
2,2,rware-img-3-tiny-2ag-v2,rware-img-3-tiny-2ag-v2,4001000,0,left,0.147239263803681
3,2,rware-img-3-tiny-2ag-v2,rware-img-3-tiny-2ag-v2,4001000,0,right,0.0
4,2,rware-img-3-tiny-2ag-v2,rware-img-3-tiny-2ag-v2,4001000,0,load,0.038461538461538464
0,2,rware-img-3-tiny-2ag-v2,rware-img-3-tiny-2ag-v2,4001000,1,noop,0.0
1,2,rware-img-3-tiny-2ag-v2,rware-img-3-tiny-2ag-v2,4001000,1,forward,0.24743777452415813
2,2,rware-img-3-tiny-2ag-v2,rware-img-3-tiny-2ag-v2,4001000,1,left,0.06545454545454546
3,2,rware-img-3-tiny-2ag-v2,rware-img-3-tiny-2ag-v2,4001000,1,right,0.0
4,2,rware-img-3-tiny-2ag-v2,rware-img-3-tiny-2ag-v2,4001000,1,load,0.16666666666666666
0,2,rware-img-3-tiny-2ag-v2,rware-img-3-tiny-2ag-v2,5001000,0,noop,0.0
1,2,rware-img-3-tiny-2ag-v2,rware-img-3-tiny-2ag-v2,5001000,0,forward,0.1411451398135819
2,2,rware-img-3-tiny-2ag-v2,rware-img-3-tiny-2ag-v2,5001000,0,left,0.04864864864864865
3,2,rware-img-3-tiny-2ag-v2,rware-img-3-tiny-2ag-v2,5001000,0,right,0.16666666666666666
4,2,rware-img-3-tiny-2ag-v2,rware-img-3-tiny-2ag-v2,5001000,0,load,0.25
0,2,rware-img-3-tiny-2ag-v2,rware-img-3-tiny-2ag-v2,5001000,1,noop,0.0
1,2,rware-img-3-tiny-2ag-v2,rware-img-3-tiny-2ag-v2,5001000,1,forward,0.10814249363867684
2,2,rware-img-3-tiny-2ag-v2,rware-img-3-tiny-2ag-v2,5001000,1,left,0.07514450867052024
3,2,rware-img-3-tiny-2ag-v2,rware-img-3-tiny-2ag-v2,5001000,1,right,0.18181818181818182
4,2,rware-img-3-tiny-2ag-v2,rware-img-3-tiny-2ag-v2,5001000,1,load,0.02564102564102564
0,2,rware-img-3-tiny-2ag-v2,rware-img-3-tiny-2ag-v2,6001000,0,noop,0.0
1,2,rware-img-3-tiny-2ag-v2,rware-img-3-tiny-2ag-v2,6001000,0,forward,0.108
2,2,rware-img-3-tiny-2ag-v2,rware-img-3-tiny-2ag-v2,6001000,0,left,0.06
3,2,rware-img-3-tiny-2ag-v2,rware-img-3-tiny-2ag-v2,6001000,0,right,0.0
4,2,rware-img-3-tiny-2ag-v2,rware-img-3-tiny-2ag-v2,6001000,0,load,0.5526315789473685
0,2,rware-img-3-tiny-2ag-v2,rware-img-3-tiny-2ag-v2,6001000,1,noop,0.0
1,2,rware-img-3-tiny-2ag-v2,rware-img-3-tiny-2ag-v2,6001000,1,forward,0.21164021164021163
2,2,rware-img-3-tiny-2ag-v2,rware-img-3-tiny-2ag-v2,6001000,1,left,0.2205128205128205
3,2,rware-img-3-tiny-2ag-v2,rware-img-3-tiny-2ag-v2,6001000,1,right,0.23529411764705882
4,2,rware-img-3-tiny-2ag-v2,rware-img-3-tiny-2ag-v2,6001000,1,load,0.5
0,2,rware-img-3-tiny-2ag-v2,rware-img-3-tiny-2ag-v2,7001000,0,noop,0.0
1,2,rware-img-3-tiny-2ag-v2,rware-img-3-tiny-2ag-v2,7001000,0,forward,0.24839948783610755
2,2,rware-img-3-tiny-2ag-v2,rware-img-3-tiny-2ag-v2,7001000,0,left,0.0718232044198895
3,2,rware-img-3-tiny-2ag-v2,rware-img-3-tiny-2ag-v2,7001000,0,right,0.0
4,2,rware-img-3-tiny-2ag-v2,rware-img-3-tiny-2ag-v2,7001000,0,load,0.6363636363636364
0,2,rware-img-3-tiny-2ag-v2,rware-img-3-tiny-2ag-v2,7001000,1,noop,0.0
1,2,rware-img-3-tiny-2ag-v2,rware-img-3-tiny-2ag-v2,7001000,1,forward,0.19096774193548388
2,2,rware-img-3-tiny-2ag-v2,rware-img-3-tiny-2ag-v2,7001000,1,left,0.11351351351351352
3,2,rware-img-3-tiny-2ag-v2,rware-img-3-tiny-2ag-v2,7001000,1,right,0.25
4,2,rware-img-3-tiny-2ag-v2,rware-img-3-tiny-2ag-v2,7001000,1,load,0.5263157894736842
0,2,rware-img-3-tiny-2ag-v2,rware-img-3-tiny-2ag-v2,20001000,0,noop,0.0
1,2,rware-img-3-tiny-2ag-v2,rware-img-3-tiny-2ag-v2,20001000,0,forward,0.18672199170124482
2,2,rware-img-3-tiny-2ag-v2,rware-img-3-tiny-2ag-v2,20001000,0,left,0.019138755980861243
3,2,rware-img-3-tiny-2ag-v2,rware-img-3-tiny-2ag-v2,20001000,0,right,0.030303030303030304
4,2,rware-img-3-tiny-2ag-v2,rware-img-3-tiny-2ag-v2,20001000,0,load,0.5348837209302325
0,2,rware-img-3-tiny-2ag-v2,rware-img-3-tiny-2ag-v2,20001000,1,noop,0.0
1,2,rware-img-3-tiny-2ag-v2,rware-img-3-tiny-2ag-v2,20001000,1,forward,0.2086720867208672
2,2,rware-img-3-tiny-2ag-v2,rware-img-3-tiny-2ag-v2,20001000,1,left,0.046875
3,2,rware-img-3-tiny-2ag-v2,rware-img-3-tiny-2ag-v2,20001000,1,right,0.1
4,2,rware-img-3-tiny-2ag-v2,rware-img-3-tiny-2ag-v2,20001000,1,load,0.525
0,3,rware-img-3-tiny-2ag-v2,rware-img-3-tiny-2ag-v2,1001000,0,noop,0.0
1,3,rware-img-3-tiny-2ag-v2,rware-img-3-tiny-2ag-v2,1001000,0,forward,0.046875
2,3,rware-img-3-tiny-2ag-v2,rware-img-3-tiny-2ag-v2,1001000,0,left,0.06077348066298342
3,3,rware-img-3-tiny-2ag-v2,rware-img-3-tiny-2ag-v2,1001000,0,right,0.0498220640569395
4,3,rware-img-3-tiny-2ag-v2,rware-img-3-tiny-2ag-v2,1001000,0,load,0.056451612903225805
0,3,rware-img-3-tiny-2ag-v2,rware-img-3-tiny-2ag-v2,1001000,1,noop,0.0
1,3,rware-img-3-tiny-2ag-v2,rware-img-3-tiny-2ag-v2,1001000,1,forward,0.12
2,3,rware-img-3-tiny-2ag-v2,rware-img-3-tiny-2ag-v2,1001000,1,left,0.005063291139240506
3,3,rware-img-3-tiny-2ag-v2,rware-img-3-tiny-2ag-v2,1001000,1,right,0.0
4,3,rware-img-3-tiny-2ag-v2,rware-img-3-tiny-2ag-v2,1001000,1,load,0.15
0,3,rware-img-3-tiny-2ag-v2,rware-img-3-tiny-2ag-v2,2001000,0,noop,0.0
1,3,rware-img-3-tiny-2ag-v2,rware-img-3-tiny-2ag-v2,2001000,0,forward,0.14376996805111822
2,3,rware-img-3-tiny-2ag-v2,rware-img-3-tiny-2ag-v2,2001000,0,left,0.008016032064128256
3,3,rware-img-3-tiny-2ag-v2,rware-img-3-tiny-2ag-v2,2001000,0,right,0.08695652173913043
4,3,rware-img-3-tiny-2ag-v2,rware-img-3-tiny-2ag-v2,2001000,0,load,0.07
0,3,rware-img-3-tiny-2ag-v2,rware-img-3-tiny-2ag-v2,2001000,1,noop,0.0
1,3,rware-img-3-tiny-2ag-v2,rware-img-3-tiny-2ag-v2,2001000,1,forward,0.1783625730994152
2,3,rware-img-3-tiny-2ag-v2,rware-img-3-tiny-2ag-v2,2001000,1,left,0.17281553398058253
3,3,rware-img-3-tiny-2ag-v2,rware-img-3-tiny-2ag-v2,2001000,1,right,0.0
4,3,rware-img-3-tiny-2ag-v2,rware-img-3-tiny-2ag-v2,2001000,1,load,0.10526315789473684
0,3,rware-img-3-tiny-2ag-v2,rware-img-3-tiny-2ag-v2,3001000,0,noop,0.0
1,3,rware-img-3-tiny-2ag-v2,rware-img-3-tiny-2ag-v2,3001000,0,forward,0.12369597615499255
2,3,rware-img-3-tiny-2ag-v2,rware-img-3-tiny-2ag-v2,3001000,0,left,0.09236947791164658
3,3,rware-img-3-tiny-2ag-v2,rware-img-3-tiny-2ag-v2,3001000,0,right,0.0
4,3,rware-img-3-tiny-2ag-v2,rware-img-3-tiny-2ag-v2,3001000,0,load,0.075
0,3,rware-img-3-tiny-2ag-v2,rware-img-3-tiny-2ag-v2,3001000,1,noop,0.0
1,3,rware-img-3-tiny-2ag-v2,rware-img-3-tiny-2ag-v2,3001000,1,forward,0.2063953488372093
2,3,rware-img-3-tiny-2ag-v2,rware-img-3-tiny-2ag-v2,3001000,1,left,0.14675767918088736
3,3,rware-img-3-tiny-2ag-v2,rware-img-3-tiny-2ag-v2,3001000,1,right,0.14285714285714285
4,3,rware-img-3-tiny-2ag-v2,rware-img-3-tiny-2ag-v2,3001000,1,load,0.19047619047619047
0,3,rware-img-3-tiny-2ag-v2,rware-img-3-tiny-2ag-v2,4001000,0,noop,0.0
1,3,rware-img-3-tiny-2ag-v2,rware-img-3-tiny-2ag-v2,4001000,0,forward,0.2
2,3,rware-img-3-tiny-2ag-v2,rware-img-3-tiny-2ag-v2,4001000,0,left,0.05214723926380368
3,3,rware-img-3-tiny-2ag-v2,rware-img-3-tiny-2ag-v2,4001000,0,right,0.3333333333333333
4,3,rware-img-3-tiny-2ag-v2,rware-img-3-tiny-2ag-v2,4001000,0,load,0.0
0,3,rware-img-3-tiny-2ag-v2,rware-img-3-tiny-2ag-v2,4001000,1,noop,0.0
1,3,rware-img-3-tiny-2ag-v2,rware-img-3-tiny-2ag-v2,4001000,1,forward,0.2108345534407028
2,3,rware-img-3-tiny-2ag-v2,rware-img-3-tiny-2ag-v2,4001000,1,left,0.14545454545454545
3,3,rware-img-3-tiny-2ag-v2,rware-img-3-tiny-2ag-v2,4001000,1,right,0.0
4,3,rware-img-3-tiny-2ag-v2,rware-img-3-tiny-2ag-v2,4001000,1,load,0.16666666666666666
0,3,rware-img-3-tiny-2ag-v2,rware-img-3-tiny-2ag-v2,5001000,0,noop,0.0
1,3,rware-img-3-tiny-2ag-v2,rware-img-3-tiny-2ag-v2,5001000,0,forward,0.19973368841544606
2,3,rware-img-3-tiny-2ag-v2,rware-img-3-tiny-2ag-v2,5001000,0,left,0.12432432432432433
3,3,rware-img-3-tiny-2ag-v2,rware-img-3-tiny-2ag-v2,5001000,0,right,0.0
4,3,rware-img-3-tiny-2ag-v2,rware-img-3-tiny-2ag-v2,5001000,0,load,0.0
0,3,rware-img-3-tiny-2ag-v2,rware-img-3-tiny-2ag-v2,5001000,1,noop,0.0
1,3,rware-img-3-tiny-2ag-v2,rware-img-3-tiny-2ag-v2,5001000,1,forward,0.13231552162849872
2,3,rware-img-3-tiny-2ag-v2,rware-img-3-tiny-2ag-v2,5001000,1,left,0.1329479768786127
3,3,rware-img-3-tiny-2ag-v2,rware-img-3-tiny-2ag-v2,5001000,1,right,0.09090909090909091
4,3,rware-img-3-tiny-2ag-v2,rware-img-3-tiny-2ag-v2,5001000,1,load,0.02564102564102564
0,3,rware-img-3-tiny-2ag-v2,rware-img-3-tiny-2ag-v2,6001000,0,noop,0.0
1,3,rware-img-3-tiny-2ag-v2,rware-img-3-tiny-2ag-v2,6001000,0,forward,0.176
2,3,rware-img-3-tiny-2ag-v2,rware-img-3-tiny-2ag-v2,6001000,0,left,0.22
3,3,rware-img-3-tiny-2ag-v2,rware-img-3-tiny-2ag-v2,6001000,0,right,0.0
4,3,rware-img-3-tiny-2ag-v2,rware-img-3-tiny-2ag-v2,6001000,0,load,0.6052631578947368
0,3,rware-img-3-tiny-2ag-v2,rware-img-3-tiny-2ag-v2,6001000,1,noop,0.0
1,3,rware-img-3-tiny-2ag-v2,rware-img-3-tiny-2ag-v2,6001000,1,forward,0.08597883597883597
2,3,rware-img-3-tiny-2ag-v2,rware-img-3-tiny-2ag-v2,6001000,1,left,0.10256410256410256
3,3,rware-img-3-tiny-2ag-v2,rware-img-3-tiny-2ag-v2,6001000,1,right,0.0
4,3,rware-img-3-tiny-2ag-v2,rware-img-3-tiny-2ag-v2,6001000,1,load,0.5476190476190477
0,3,rware-img-3-tiny-2ag-v2,rware-img-3-tiny-2ag-v2,7001000,0,noop,0.0
1,3,rware-img-3-tiny-2ag-v2,rware-img-3-tiny-2ag-v2,7001000,0,forward,0.147247119078105
2,3,rware-img-3-tiny-2ag-v2,rware-img-3-tiny-2ag-v2,7001000,0,left,0.19889502762430938
3,3,rware-img-3-tiny-2ag-v2,rware-img-3-tiny-2ag-v2,7001000,0,right,0.06666666666666667
4,3,rware-img-3-tiny-2ag-v2,rware-img-3-tiny-2ag-v2,7001000,0,load,0.6363636363636364
0,3,rware-img-3-tiny-2ag-v2,rware-img-3-tiny-2ag-v2,7001000,1,noop,0.0
1,3,rware-img-3-tiny-2ag-v2,rware-img-3-tiny-2ag-v2,7001000,1,forward,0.07870967741935483
2,3,rware-img-3-tiny-2ag-v2,rware-img-3-tiny-2ag-v2,7001000,1,left,0.11891891891891893
3,3,rware-img-3-tiny-2ag-v2,rware-img-3-tiny-2ag-v2,7001000,1,right,0.0
4,3,rware-img-3-tiny-2ag-v2,rware-img-3-tiny-2ag-v2,7001000,1,load,0.05263157894736842
0,3,rware-img-3-tiny-2ag-v2,rware-img-3-tiny-2ag-v2,20001000,0,noop,0.0
1,3,rware-img-3-tiny-2ag-v2,rware-img-3-tiny-2ag-v2,20001000,0,forward,0.2544951590594744
2,3,rware-img-3-tiny-2ag-v2,rware-img-3-tiny-2ag-v2,20001000,0,left,0.20095693779904306
3,3,rware-img-3-tiny-2ag-v2,rware-img-3-tiny-2ag-v2,20001000,0,right,0.15151515151515152
4,3,rware-img-3-tiny-2ag-v2,rware-img-3-tiny-2ag-v2,20001000,0,load,0.46511627906976744
0,3,rware-img-3-tiny-2ag-v2,rware-img-3-tiny-2ag-v2,20001000,1,noop,0.0
1,3,rware-img-3-tiny-2ag-v2,rware-img-3-tiny-2ag-v2,20001000,1,forward,0.24932249322493225
2,3,rware-img-3-tiny-2ag-v2,rware-img-3-tiny-2ag-v2,20001000,1,left,0.1875
3,3,rware-img-3-tiny-2ag-v2,rware-img-3-tiny-2ag-v2,20001000,1,right,0.05
4,3,rware-img-3-tiny-2ag-v2,rware-img-3-tiny-2ag-v2,20001000,1,load,0.475
0,4,rware-img-3-tiny-2ag-v2,rware-img-3-tiny-2ag-v2,1001000,0,noop,0.0
1,4,rware-img-3-tiny-2ag-v2,rware-img-3-tiny-2ag-v2,1001000,0,forward,0.0625
2,4,rware-img-3-tiny-2ag-v2,rware-img-3-tiny-2ag-v2,1001000,0,left,0.0027624309392265192
3,4,rware-img-3-tiny-2ag-v2,rware-img-3-tiny-2ag-v2,1001000,0,right,0.03202846975088968
4,4,rware-img-3-tiny-2ag-v2,rware-img-3-tiny-2ag-v2,1001000,0,load,0.024193548387096774
0,4,rware-img-3-tiny-2ag-v2,rware-img-3-tiny-2ag-v2,1001000,1,noop,0.0
1,4,rware-img-3-tiny-2ag-v2,rware-img-3-tiny-2ag-v2,1001000,1,forward,0.04
2,4,rware-img-3-tiny-2ag-v2,rware-img-3-tiny-2ag-v2,1001000,1,left,0.002531645569620253
3,4,rware-img-3-tiny-2ag-v2,rware-img-3-tiny-2ag-v2,1001000,1,right,0.024734982332155476
4,4,rware-img-3-tiny-2ag-v2,rware-img-3-tiny-2ag-v2,1001000,1,load,0.09166666666666666
0,4,rware-img-3-tiny-2ag-v2,rware-img-3-tiny-2ag-v2,2001000,0,noop,0.0
1,4,rware-img-3-tiny-2ag-v2,rware-img-3-tiny-2ag-v2,2001000,0,forward,0.009584664536741214
2,4,rware-img-3-tiny-2ag-v2,rware-img-3-tiny-2ag-v2,2001000,0,left,0.06212424849699399
3,4,rware-img-3-tiny-2ag-v2,rware-img-3-tiny-2ag-v2,2001000,0,right,0.0
4,4,rware-img-3-tiny-2ag-v2,rware-img-3-tiny-2ag-v2,2001000,0,load,0.07
0,4,rware-img-3-tiny-2ag-v2,rware-img-3-tiny-2ag-v2,2001000,1,noop,0.0
1,4,rware-img-3-tiny-2ag-v2,rware-img-3-tiny-2ag-v2,2001000,1,forward,0.1608187134502924
2,4,rware-img-3-tiny-2ag-v2,rware-img-3-tiny-2ag-v2,2001000,1,left,0.42718446601941745
3,4,rware-img-3-tiny-2ag-v2,rware-img-3-tiny-2ag-v2,2001000,1,right,0.03636363636363636
4,4,rware-img-3-tiny-2ag-v2,rware-img-3-tiny-2ag-v2,2001000,1,load,0.07894736842105263
0,4,rware-img-3-tiny-2ag-v2,rware-img-3-tiny-2ag-v2,3001000,0,noop,0.0
1,4,rware-img-3-tiny-2ag-v2,rware-img-3-tiny-2ag-v2,3001000,0,forward,0.12816691505216096
2,4,rware-img-3-tiny-2ag-v2,rware-img-3-tiny-2ag-v2,3001000,0,left,0.028112449799196786
3,4,rware-img-3-tiny-2ag-v2,rware-img-3-tiny-2ag-v2,3001000,0,right,0.0
4,4,rware-img-3-tiny-2ag-v2,rware-img-3-tiny-2ag-v2,3001000,0,load,0.775
0,4,rware-img-3-tiny-2ag-v2,rware-img-3-tiny-2ag-v2,3001000,1,noop,0.0
1,4,rware-img-3-tiny-2ag-v2,rware-img-3-tiny-2ag-v2,3001000,1,forward,0.12063953488372094
2,4,rware-img-3-tiny-2ag-v2,rware-img-3-tiny-2ag-v2,3001000,1,left,0.1296928327645051
3,4,rware-img-3-tiny-2ag-v2,rware-img-3-tiny-2ag-v2,3001000,1,right,0.0
4,4,rware-img-3-tiny-2ag-v2,rware-img-3-tiny-2ag-v2,3001000,1,load,0.0
0,4,rware-img-3-tiny-2ag-v2,rware-img-3-tiny-2ag-v2,4001000,0,noop,0.0
1,4,rware-img-3-tiny-2ag-v2,rware-img-3-tiny-2ag-v2,4001000,0,forward,0.17862595419847327
2,4,rware-img-3-tiny-2ag-v2,rware-img-3-tiny-2ag-v2,4001000,0,left,0.006134969325153374
3,4,rware-img-3-tiny-2ag-v2,rware-img-3-tiny-2ag-v2,4001000,0,right,0.0
4,4,rware-img-3-tiny-2ag-v2,rware-img-3-tiny-2ag-v2,4001000,0,load,0.23076923076923078
0,4,rware-img-3-tiny-2ag-v2,rware-img-3-tiny-2ag-v2,4001000,1,noop,0.0
1,4,rware-img-3-tiny-2ag-v2,rware-img-3-tiny-2ag-v2,4001000,1,forward,0.060029282576866766
2,4,rware-img-3-tiny-2ag-v2,rware-img-3-tiny-2ag-v2,4001000,1,left,0.07636363636363637
3,4,rware-img-3-tiny-2ag-v2,rware-img-3-tiny-2ag-v2,4001000,1,right,0.0
4,4,rware-img-3-tiny-2ag-v2,rware-img-3-tiny-2ag-v2,4001000,1,load,0.16666666666666666
0,4,rware-img-3-tiny-2ag-v2,rware-img-3-tiny-2ag-v2,5001000,0,noop,0.0
1,4,rware-img-3-tiny-2ag-v2,rware-img-3-tiny-2ag-v2,5001000,0,forward,0.36884154460719043
2,4,rware-img-3-tiny-2ag-v2,rware-img-3-tiny-2ag-v2,5001000,0,left,0.016216216216216217
3,4,rware-img-3-tiny-2ag-v2,rware-img-3-tiny-2ag-v2,5001000,0,right,0.0
4,4,rware-img-3-tiny-2ag-v2,rware-img-3-tiny-2ag-v2,5001000,0,load,0.2647058823529412
0,4,rware-img-3-tiny-2ag-v2,rware-img-3-tiny-2ag-v2,5001000,1,noop,0.0
1,4,rware-img-3-tiny-2ag-v2,rware-img-3-tiny-2ag-v2,5001000,1,forward,0.2582697201017812
2,4,rware-img-3-tiny-2ag-v2,rware-img-3-tiny-2ag-v2,5001000,1,left,0.12716763005780346
3,4,rware-img-3-tiny-2ag-v2,rware-img-3-tiny-2ag-v2,5001000,1,right,0.0
4,4,rware-img-3-tiny-2ag-v2,rware-img-3-tiny-2ag-v2,5001000,1,load,0.48717948717948717
0,4,rware-img-3-tiny-2ag-v2,rware-img-3-tiny-2ag-v2,6001000,0,noop,0.0
1,4,rware-img-3-tiny-2ag-v2,rware-img-3-tiny-2ag-v2,6001000,0,forward,0.27066666666666667
2,4,rware-img-3-tiny-2ag-v2,rware-img-3-tiny-2ag-v2,6001000,0,left,0.025
3,4,rware-img-3-tiny-2ag-v2,rware-img-3-tiny-2ag-v2,6001000,0,right,0.045454545454545456
4,4,rware-img-3-tiny-2ag-v2,rware-img-3-tiny-2ag-v2,6001000,0,load,0.5526315789473685
0,4,rware-img-3-tiny-2ag-v2,rware-img-3-tiny-2ag-v2,6001000,1,noop,0.0
1,4,rware-img-3-tiny-2ag-v2,rware-img-3-tiny-2ag-v2,6001000,1,forward,0.11772486772486772
2,4,rware-img-3-tiny-2ag-v2,rware-img-3-tiny-2ag-v2,6001000,1,left,0.2205128205128205
3,4,rware-img-3-tiny-2ag-v2,rware-img-3-tiny-2ag-v2,6001000,1,right,0.11764705882352941
4,4,rware-img-3-tiny-2ag-v2,rware-img-3-tiny-2ag-v2,6001000,1,load,0.5238095238095238
0,4,rware-img-3-tiny-2ag-v2,rware-img-3-tiny-2ag-v2,7001000,0,noop,0.0
1,4,rware-img-3-tiny-2ag-v2,rware-img-3-tiny-2ag-v2,7001000,0,forward,0.20486555697823303
2,4,rware-img-3-tiny-2ag-v2,rware-img-3-tiny-2ag-v2,7001000,0,left,0.13259668508287292
3,4,rware-img-3-tiny-2ag-v2,rware-img-3-tiny-2ag-v2,7001000,0,right,0.0
4,4,rware-img-3-tiny-2ag-v2,rware-img-3-tiny-2ag-v2,7001000,0,load,0.6060606060606061
0,4,rware-img-3-tiny-2ag-v2,rware-img-3-tiny-2ag-v2,7001000,1,noop,0.0
1,4,rware-img-3-tiny-2ag-v2,rware-img-3-tiny-2ag-v2,7001000,1,forward,0.24774193548387097
2,4,rware-img-3-tiny-2ag-v2,rware-img-3-tiny-2ag-v2,7001000,1,left,0.10270270270270271
3,4,rware-img-3-tiny-2ag-v2,rware-img-3-tiny-2ag-v2,7001000,1,right,0.0
4,4,rware-img-3-tiny-2ag-v2,rware-img-3-tiny-2ag-v2,7001000,1,load,0.5263157894736842
0,4,rware-img-3-tiny-2ag-v2,rware-img-3-tiny-2ag-v2,20001000,0,noop,0.0
1,4,rware-img-3-tiny-2ag-v2,rware-img-3-tiny-2ag-v2,20001000,0,forward,0.2946058091286307
2,4,rware-img-3-tiny-2ag-v2,rware-img-3-tiny-2ag-v2,20001000,0,left,0.0
3,4,rware-img-3-tiny-2ag-v2,rware-img-3-tiny-2ag-v2,20001000,0,right,0.06060606060606061
4,4,rware-img-3-tiny-2ag-v2,rware-img-3-tiny-2ag-v2,20001000,0,load,0.5116279069767442
0,4,rware-img-3-tiny-2ag-v2,rware-img-3-tiny-2ag-v2,20001000,1,noop,0.0
1,4,rware-img-3-tiny-2ag-v2,rware-img-3-tiny-2ag-v2,20001000,1,forward,0.13143631436314362
2,4,rware-img-3-tiny-2ag-v2,rware-img-3-tiny-2ag-v2,20001000,1,left,0.08854166666666667
3,4,rware-img-3-tiny-2ag-v2,rware-img-3-tiny-2ag-v2,20001000,1,right,0.0
4,4,rware-img-3-tiny-2ag-v2,rware-img-3-tiny-2ag-v2,20001000,1,load,0.525
0,5,rware-img-3-tiny-2ag-v2,rware-img-3-tiny-2ag-v2,1001000,0,noop,0.0
1,5,rware-img-3-tiny-2ag-v2,rware-img-3-tiny-2ag-v2,1001000,0,forward,0.109375
2,5,rware-img-3-tiny-2ag-v2,rware-img-3-tiny-2ag-v2,1001000,0,left,0.0027624309392265192
3,5,rware-img-3-tiny-2ag-v2,rware-img-3-tiny-2ag-v2,1001000,0,right,0.060498220640569395
4,5,rware-img-3-tiny-2ag-v2,rware-img-3-tiny-2ag-v2,1001000,0,load,0.0
0,5,rware-img-3-tiny-2ag-v2,rware-img-3-tiny-2ag-v2,1001000,1,noop,0.0
1,5,rware-img-3-tiny-2ag-v2,rware-img-3-tiny-2ag-v2,1001000,1,forward,0.064
2,5,rware-img-3-tiny-2ag-v2,rware-img-3-tiny-2ag-v2,1001000,1,left,0.06835443037974684
3,5,rware-img-3-tiny-2ag-v2,rware-img-3-tiny-2ag-v2,1001000,1,right,0.01060070671378092
4,5,rware-img-3-tiny-2ag-v2,rware-img-3-tiny-2ag-v2,1001000,1,load,0.058333333333333334
0,5,rware-img-3-tiny-2ag-v2,rware-img-3-tiny-2ag-v2,2001000,0,noop,0.0
1,5,rware-img-3-tiny-2ag-v2,rware-img-3-tiny-2ag-v2,2001000,0,forward,0.08626198083067092
2,5,rware-img-3-tiny-2ag-v2,rware-img-3-tiny-2ag-v2,2001000,0,left,0.06212424849699399
3,5,rware-img-3-tiny-2ag-v2,rware-img-3-tiny-2ag-v2,2001000,0,right,0.11594202898550725
4,5,rware-img-3-tiny-2ag-v2,rware-img-3-tiny-2ag-v2,2001000,0,load,0.0
0,5,rware-img-3-tiny-2ag-v2,rware-img-3-tiny-2ag-v2,2001000,1,noop,0.0
1,5,rware-img-3-tiny-2ag-v2,rware-img-3-tiny-2ag-v2,2001000,1,forward,0.1783625730994152
2,5,rware-img-3-tiny-2ag-v2,rware-img-3-tiny-2ag-v2,2001000,1,left,0.24660194174757283
3,5,rware-img-3-tiny-2ag-v2,rware-img-3-tiny-2ag-v2,2001000,1,right,0.0
4,5,rware-img-3-tiny-2ag-v2,rware-img-3-tiny-2ag-v2,2001000,1,load,0.17105263157894737
0,5,rware-img-3-tiny-2ag-v2,rware-img-3-tiny-2ag-v2,3001000,0,noop,0.0
1,5,rware-img-3-tiny-2ag-v2,rware-img-3-tiny-2ag-v2,3001000,0,forward,0.19374068554396423
2,5,rware-img-3-tiny-2ag-v2,rware-img-3-tiny-2ag-v2,3001000,0,left,0.1566265060240964
3,5,rware-img-3-tiny-2ag-v2,rware-img-3-tiny-2ag-v2,3001000,0,right,0.0
4,5,rware-img-3-tiny-2ag-v2,rware-img-3-tiny-2ag-v2,3001000,0,load,0.0
0,5,rware-img-3-tiny-2ag-v2,rware-img-3-tiny-2ag-v2,3001000,1,noop,0.0
1,5,rware-img-3-tiny-2ag-v2,rware-img-3-tiny-2ag-v2,3001000,1,forward,0.0625
2,5,rware-img-3-tiny-2ag-v2,rware-img-3-tiny-2ag-v2,3001000,1,left,0.09215017064846416
3,5,rware-img-3-tiny-2ag-v2,rware-img-3-tiny-2ag-v2,3001000,1,right,0.0
4,5,rware-img-3-tiny-2ag-v2,rware-img-3-tiny-2ag-v2,3001000,1,load,0.14285714285714285
0,5,rware-img-3-tiny-2ag-v2,rware-img-3-tiny-2ag-v2,4001000,0,noop,0.0
1,5,rware-img-3-tiny-2ag-v2,rware-img-3-tiny-2ag-v2,4001000,0,forward,0.17404580152671756
2,5,rware-img-3-tiny-2ag-v2,rware-img-3-tiny-2ag-v2,4001000,0,left,0.03680981595092025
3,5,rware-img-3-tiny-2ag-v2,rware-img-3-tiny-2ag-v2,4001000,0,right,0.0
4,5,rware-img-3-tiny-2ag-v2,rware-img-3-tiny-2ag-v2,4001000,0,load,0.19230769230769232
0,5,rware-img-3-tiny-2ag-v2,rware-img-3-tiny-2ag-v2,4001000,1,noop,0.0
1,5,rware-img-3-tiny-2ag-v2,rware-img-3-tiny-2ag-v2,4001000,1,forward,0.2225475841874085
2,5,rware-img-3-tiny-2ag-v2,rware-img-3-tiny-2ag-v2,4001000,1,left,0.03636363636363636
3,5,rware-img-3-tiny-2ag-v2,rware-img-3-tiny-2ag-v2,4001000,1,right,0.0
4,5,rware-img-3-tiny-2ag-v2,rware-img-3-tiny-2ag-v2,4001000,1,load,0.16666666666666666
0,5,rware-img-3-tiny-2ag-v2,rware-img-3-tiny-2ag-v2,5001000,0,noop,0.0
1,5,rware-img-3-tiny-2ag-v2,rware-img-3-tiny-2ag-v2,5001000,0,forward,0.1278295605858855
2,5,rware-img-3-tiny-2ag-v2,rware-img-3-tiny-2ag-v2,5001000,0,left,0.12432432432432433
3,5,rware-img-3-tiny-2ag-v2,rware-img-3-tiny-2ag-v2,5001000,0,right,0.0
4,5,rware-img-3-tiny-2ag-v2,rware-img-3-tiny-2ag-v2,5001000,0,load,0.25
0,5,rware-img-3-tiny-2ag-v2,rware-img-3-tiny-2ag-v2,5001000,1,noop,0.0
1,5,rware-img-3-tiny-2ag-v2,rware-img-3-tiny-2ag-v2,5001000,1,forward,0.08524173027989822
2,5,rware-img-3-tiny-2ag-v2,rware-img-3-tiny-2ag-v2,5001000,1,left,0.13872832369942195
3,5,rware-img-3-tiny-2ag-v2,rware-img-3-tiny-2ag-v2,5001000,1,right,0.18181818181818182
4,5,rware-img-3-tiny-2ag-v2,rware-img-3-tiny-2ag-v2,5001000,1,load,0.07692307692307693
0,5,rware-img-3-tiny-2ag-v2,rware-img-3-tiny-2ag-v2,6001000,0,noop,0.0
1,5,rware-img-3-tiny-2ag-v2,rware-img-3-tiny-2ag-v2,6001000,0,forward,0.164
2,5,rware-img-3-tiny-2ag-v2,rware-img-3-tiny-2ag-v2,6001000,0,left,0.3
3,5,rware-img-3-tiny-2ag-v2,rware-img-3-tiny-2ag-v2,6001000,0,right,0.09090909090909091
4,5,rware-img-3-tiny-2ag-v2,rware-img-3-tiny-2ag-v2,6001000,0,load,0.6052631578947368
0,5,rware-img-3-tiny-2ag-v2,rware-img-3-tiny-2ag-v2,6001000,1,noop,0.0
1,5,rware-img-3-tiny-2ag-v2,rware-img-3-tiny-2ag-v2,6001000,1,forward,0.15608465608465608
2,5,rware-img-3-tiny-2ag-v2,rware-img-3-tiny-2ag-v2,6001000,1,left,0.20512820512820512
3,5,rware-img-3-tiny-2ag-v2,rware-img-3-tiny-2ag-v2,6001000,1,right,0.0
4,5,rware-img-3-tiny-2ag-v2,rware-img-3-tiny-2ag-v2,6001000,1,load,0.47619047619047616
0,5,rware-img-3-tiny-2ag-v2,rware-img-3-tiny-2ag-v2,7001000,0,noop,0.0
1,5,rware-img-3-tiny-2ag-v2,rware-img-3-tiny-2ag-v2,7001000,0,forward,0.13700384122919335
2,5,rware-img-3-tiny-2ag-v2,rware-img-3-tiny-2ag-v2,7001000,0,left,0.16574585635359115
3,5,rware-img-3-tiny-2ag-v2,rware-img-3-tiny-2ag-v2,7001000,0,right,0.06666666666666667
4,5,rware-img-3-tiny-2ag-v2,rware-img-3-tiny-2ag-v2,7001000,0,load,0.5454545454545454
0,5,rware-img-3-tiny-2ag-v2,rware-img-3-tiny-2ag-v2,7001000,1,noop,0.0
1,5,rware-img-3-tiny-2ag-v2,rware-img-3-tiny-2ag-v2,7001000,1,forward,0.2129032258064516
2,5,rware-img-3-tiny-2ag-v2,rware-img-3-tiny-2ag-v2,7001000,1,left,0.14054054054054055
3,5,rware-img-3-tiny-2ag-v2,rware-img-3-tiny-2ag-v2,7001000,1,right,0.08333333333333333
4,5,rware-img-3-tiny-2ag-v2,rware-img-3-tiny-2ag-v2,7001000,1,load,0.47368421052631576
0,5,rware-img-3-tiny-2ag-v2,rware-img-3-tiny-2ag-v2,20001000,0,noop,0.0
1,5,rware-img-3-tiny-2ag-v2,rware-img-3-tiny-2ag-v2,20001000,0,forward,0.20885200553250347
2,5,rware-img-3-tiny-2ag-v2,rware-img-3-tiny-2ag-v2,20001000,0,left,0.20095693779904306
3,5,rware-img-3-tiny-2ag-v2,rware-img-3-tiny-2ag-v2,20001000,0,right,0.0
4,5,rware-img-3-tiny-2ag-v2,rware-img-3-tiny-2ag-v2,20001000,0,load,0.46511627906976744
0,5,rware-img-3-tiny-2ag-v2,rware-img-3-tiny-2ag-v2,20001000,1,noop,0.0
1,5,rware-img-3-tiny-2ag-v2,rware-img-3-tiny-2ag-v2,20001000,1,forward,0.22764227642276422
2,5,rware-img-3-tiny-2ag-v2,rware-img-3-tiny-2ag-v2,20001000,1,left,0.19791666666666666
3,5,rware-img-3-tiny-2ag-v2,rware-img-3-tiny-2ag-v2,20001000,1,right,0.1
4,5,rware-img-3-tiny-2ag-v2,rware-img-3-tiny-2ag-v2,20001000,1,load,0.525
0,6,rware-img-3-tiny-2ag-v2,rware-img-3-tiny-2ag-v2,1001000,0,noop,0.0
1,6,rware-img-3-tiny-2ag-v2,rware-img-3-tiny-2ag-v2,1001000,0,forward,0.0
2,6,rware-img-3-tiny-2ag-v2,rware-img-3-tiny-2ag-v2,1001000,0,left,0.12154696132596685
3,6,rware-img-3-tiny-2ag-v2,rware-img-3-tiny-2ag-v2,1001000,0,right,0.12099644128113879
4,6,rware-img-3-tiny-2ag-v2,rware-img-3-tiny-2ag-v2,1001000,0,load,0.04032258064516129
0,6,rware-img-3-tiny-2ag-v2,rware-img-3-tiny-2ag-v2,1001000,1,noop,0.0
1,6,rware-img-3-tiny-2ag-v2,rware-img-3-tiny-2ag-v2,1001000,1,forward,0.056
2,6,rware-img-3-tiny-2ag-v2,rware-img-3-tiny-2ag-v2,1001000,1,left,0.0
3,6,rware-img-3-tiny-2ag-v2,rware-img-3-tiny-2ag-v2,1001000,1,right,0.3286219081272085
4,6,rware-img-3-tiny-2ag-v2,rware-img-3-tiny-2ag-v2,1001000,1,load,0.03333333333333333
0,6,rware-img-3-tiny-2ag-v2,rware-img-3-tiny-2ag-v2,2001000,0,noop,0.0
1,6,rware-img-3-tiny-2ag-v2,rware-img-3-tiny-2ag-v2,2001000,0,forward,0.051118210862619806
2,6,rware-img-3-tiny-2ag-v2,rware-img-3-tiny-2ag-v2,2001000,0,left,0.30861723446893785
3,6,rware-img-3-tiny-2ag-v2,rware-img-3-tiny-2ag-v2,2001000,0,right,0.0
4,6,rware-img-3-tiny-2ag-v2,rware-img-3-tiny-2ag-v2,2001000,0,load,0.07
0,6,rware-img-3-tiny-2ag-v2,rware-img-3-tiny-2ag-v2,2001000,1,noop,0.0
1,6,rware-img-3-tiny-2ag-v2,rware-img-3-tiny-2ag-v2,2001000,1,forward,0.0
2,6,rware-img-3-tiny-2ag-v2,rware-img-3-tiny-2ag-v2,2001000,1,left,0.10097087378640776
3,6,rware-img-3-tiny-2ag-v2,rware-img-3-tiny-2ag-v2,2001000,1,right,0.03636363636363636
4,6,rware-img-3-tiny-2ag-v2,rware-img-3-tiny-2ag-v2,2001000,1,load,0.05263157894736842
0,6,rware-img-3-tiny-2ag-v2,rware-img-3-tiny-2ag-v2,3001000,0,noop,0.0
1,6,rware-img-3-tiny-2ag-v2,rware-img-3-tiny-2ag-v2,3001000,0,forward,0.07749627421758569
2,6,rware-img-3-tiny-2ag-v2,rware-img-3-tiny-2ag-v2,3001000,0,left,0.07630522088353414
3,6,rware-img-3-tiny-2ag-v2,rware-img-3-tiny-2ag-v2,3001000,0,right,0.0
4,6,rware-img-3-tiny-2ag-v2,rware-img-3-tiny-2ag-v2,3001000,0,load,0.025
0,6,rware-img-3-tiny-2ag-v2,rware-img-3-tiny-2ag-v2,3001000,1,noop,0.0
1,6,rware-img-3-tiny-2ag-v2,rware-img-3-tiny-2ag-v2,3001000,1,forward,0.11337209302325581
2,6,rware-img-3-tiny-2ag-v2,rware-img-3-tiny-2ag-v2,3001000,1,left,0.0
3,6,rware-img-3-tiny-2ag-v2,rware-img-3-tiny-2ag-v2,3001000,1,right,0.0
4,6,rware-img-3-tiny-2ag-v2,rware-img-3-tiny-2ag-v2,3001000,1,load,0.0
0,6,rware-img-3-tiny-2ag-v2,rware-img-3-tiny-2ag-v2,4001000,0,noop,0.0
1,6,rware-img-3-tiny-2ag-v2,rware-img-3-tiny-2ag-v2,4001000,0,forward,0.17251908396946564
2,6,rware-img-3-tiny-2ag-v2,rware-img-3-tiny-2ag-v2,4001000,0,left,0.05214723926380368
3,6,rware-img-3-tiny-2ag-v2,rware-img-3-tiny-2ag-v2,4001000,0,right,0.0
4,6,rware-img-3-tiny-2ag-v2,rware-img-3-tiny-2ag-v2,4001000,0,load,0.23076923076923078
0,6,rware-img-3-tiny-2ag-v2,rware-img-3-tiny-2ag-v2,4001000,1,noop,0.0
1,6,rware-img-3-tiny-2ag-v2,rware-img-3-tiny-2ag-v2,4001000,1,forward,0.16105417276720352
2,6,rware-img-3-tiny-2ag-v2,rware-img-3-tiny-2ag-v2,4001000,1,left,0.025454545454545455
3,6,rware-img-3-tiny-2ag-v2,rware-img-3-tiny-2ag-v2,4001000,1,right,0.0
4,6,rware-img-3-tiny-2ag-v2,rware-img-3-tiny-2ag-v2,4001000,1,load,0.16666666666666666
0,6,rware-img-3-tiny-2ag-v2,rware-img-3-tiny-2ag-v2,5001000,0,noop,0.0
1,6,rware-img-3-tiny-2ag-v2,rware-img-3-tiny-2ag-v2,5001000,0,forward,0.12916111850865514
2,6,rware-img-3-tiny-2ag-v2,rware-img-3-tiny-2ag-v2,5001000,0,left,0.04864864864864865
3,6,rware-img-3-tiny-2ag-v2,rware-img-3-tiny-2ag-v2,5001000,0,right,0.0
4,6,rware-img-3-tiny-2ag-v2,rware-img-3-tiny-2ag-v2,5001000,0,load,0.2647058823529412
0,6,rware-img-3-tiny-2ag-v2,rware-img-3-tiny-2ag-v2,5001000,1,noop,0.0
1,6,rware-img-3-tiny-2ag-v2,rware-img-3-tiny-2ag-v2,5001000,1,forward,0.2099236641221374
2,6,rware-img-3-tiny-2ag-v2,rware-img-3-tiny-2ag-v2,5001000,1,left,0.27167630057803466
3,6,rware-img-3-tiny-2ag-v2,rware-img-3-tiny-2ag-v2,5001000,1,right,0.09090909090909091
4,6,rware-img-3-tiny-2ag-v2,rware-img-3-tiny-2ag-v2,5001000,1,load,0.07692307692307693
0,6,rware-img-3-tiny-2ag-v2,rware-img-3-tiny-2ag-v2,6001000,0,noop,0.0
1,6,rware-img-3-tiny-2ag-v2,rware-img-3-tiny-2ag-v2,6001000,0,forward,0.12533333333333332
2,6,rware-img-3-tiny-2ag-v2,rware-img-3-tiny-2ag-v2,6001000,0,left,0.01
3,6,rware-img-3-tiny-2ag-v2,rware-img-3-tiny-2ag-v2,6001000,0,right,0.0
4,6,rware-img-3-tiny-2ag-v2,rware-img-3-tiny-2ag-v2,6001000,0,load,0.5263157894736842
0,6,rware-img-3-tiny-2ag-v2,rware-img-3-tiny-2ag-v2,6001000,1,noop,0.0
1,6,rware-img-3-tiny-2ag-v2,rware-img-3-tiny-2ag-v2,6001000,1,forward,0.14153439153439154
2,6,rware-img-3-tiny-2ag-v2,rware-img-3-tiny-2ag-v2,6001000,1,left,0.05641025641025641
3,6,rware-img-3-tiny-2ag-v2,rware-img-3-tiny-2ag-v2,6001000,1,right,0.23529411764705882
4,6,rware-img-3-tiny-2ag-v2,rware-img-3-tiny-2ag-v2,6001000,1,load,0.5
0,6,rware-img-3-tiny-2ag-v2,rware-img-3-tiny-2ag-v2,7001000,0,noop,0.0
1,6,rware-img-3-tiny-2ag-v2,rware-img-3-tiny-2ag-v2,7001000,0,forward,0.1677336747759283
2,6,rware-img-3-tiny-2ag-v2,rware-img-3-tiny-2ag-v2,7001000,0,left,0.03314917127071823
3,6,rware-img-3-tiny-2ag-v2,rware-img-3-tiny-2ag-v2,7001000,0,right,0.0
4,6,rware-img-3-tiny-2ag-v2,rware-img-3-tiny-2ag-v2,7001000,0,load,0.5757575757575758
0,6,rware-img-3-tiny-2ag-v2,rware-img-3-tiny-2ag-v2,7001000,1,noop,0.0
1,6,rware-img-3-tiny-2ag-v2,rware-img-3-tiny-2ag-v2,7001000,1,forward,0.20516129032258065
2,6,rware-img-3-tiny-2ag-v2,rware-img-3-tiny-2ag-v2,7001000,1,left,0.07027027027027027
3,6,rware-img-3-tiny-2ag-v2,rware-img-3-tiny-2ag-v2,7001000,1,right,0.0
4,6,rware-img-3-tiny-2ag-v2,rware-img-3-tiny-2ag-v2,7001000,1,load,0.15789473684210525
0,6,rware-img-3-tiny-2ag-v2,rware-img-3-tiny-2ag-v2,20001000,0,noop,0.0
1,6,rware-img-3-tiny-2ag-v2,rware-img-3-tiny-2ag-v2,20001000,0,forward,0.21853388658367912
2,6,rware-img-3-tiny-2ag-v2,rware-img-3-tiny-2ag-v2,20001000,0,left,0.33014354066985646
3,6,rware-img-3-tiny-2ag-v2,rware-img-3-tiny-2ag-v2,20001000,0,right,0.06060606060606061
4,6,rware-img-3-tiny-2ag-v2,rware-img-3-tiny-2ag-v2,20001000,0,load,0.5348837209302325
0,6,rware-img-3-tiny-2ag-v2,rware-img-3-tiny-2ag-v2,20001000,1,noop,0.0
1,6,rware-img-3-tiny-2ag-v2,rware-img-3-tiny-2ag-v2,20001000,1,forward,0.22899728997289973
2,6,rware-img-3-tiny-2ag-v2,rware-img-3-tiny-2ag-v2,20001000,1,left,0.020833333333333332
3,6,rware-img-3-tiny-2ag-v2,rware-img-3-tiny-2ag-v2,20001000,1,right,0.0
4,6,rware-img-3-tiny-2ag-v2,rware-img-3-tiny-2ag-v2,20001000,1,load,0.6
0,7,rware-img-3-tiny-2ag-v2,rware-img-3-tiny-2ag-v2,1001000,0,noop,0.0
1,7,rware-img-3-tiny-2ag-v2,rware-img-3-tiny-2ag-v2,1001000,0,forward,0.015625
2,7,rware-img-3-tiny-2ag-v2,rware-img-3-tiny-2ag-v2,1001000,0,left,0.11878453038674033
3,7,rware-img-3-tiny-2ag-v2,rware-img-3-tiny-2ag-v2,1001000,0,right,0.010676156583629894
4,7,rware-img-3-tiny-2ag-v2,rware-img-3-tiny-2ag-v2,1001000,0,load,0.16129032258064516
0,7,rware-img-3-tiny-2ag-v2,rware-img-3-tiny-2ag-v2,1001000,1,noop,0.0
1,7,rware-img-3-tiny-2ag-v2,rware-img-3-tiny-2ag-v2,1001000,1,forward,0.104
2,7,rware-img-3-tiny-2ag-v2,rware-img-3-tiny-2ag-v2,1001000,1,left,0.03291139240506329
3,7,rware-img-3-tiny-2ag-v2,rware-img-3-tiny-2ag-v2,1001000,1,right,0.03180212014134275
4,7,rware-img-3-tiny-2ag-v2,rware-img-3-tiny-2ag-v2,1001000,1,load,0.03333333333333333
0,7,rware-img-3-tiny-2ag-v2,rware-img-3-tiny-2ag-v2,2001000,0,noop,0.0
1,7,rware-img-3-tiny-2ag-v2,rware-img-3-tiny-2ag-v2,2001000,0,forward,0.09584664536741214
2,7,rware-img-3-tiny-2ag-v2,rware-img-3-tiny-2ag-v2,2001000,0,left,0.3226452905811623
3,7,rware-img-3-tiny-2ag-v2,rware-img-3-tiny-2ag-v2,2001000,0,right,0.014492753623188406
4,7,rware-img-3-tiny-2ag-v2,rware-img-3-tiny-2ag-v2,2001000,0,load,0.03
0,7,rware-img-3-tiny-2ag-v2,rware-img-3-tiny-2ag-v2,2001000,1,noop,0.0
1,7,rware-img-3-tiny-2ag-v2,rware-img-3-tiny-2ag-v2,2001000,1,forward,0.14912280701754385
2,7,rware-img-3-tiny-2ag-v2,rware-img-3-tiny-2ag-v2,2001000,1,left,0.17281553398058253
3,7,rware-img-3-tiny-2ag-v2,rware-img-3-tiny-2ag-v2,2001000,1,right,0.03636363636363636
4,7,rware-img-3-tiny-2ag-v2,rware-img-3-tiny-2ag-v2,2001000,1,load,0.06578947368421052
0,7,rware-img-3-tiny-2ag-v2,rware-img-3-tiny-2ag-v2,3001000,0,noop,0.0
1,7,rware-img-3-tiny-2ag-v2,rware-img-3-tiny-2ag-v2,3001000,0,forward,0.30402384500745155
2,7,rware-img-3-tiny-2ag-v2,rware-img-3-tiny-2ag-v2,3001000,0,left,0.18875502008032127
3,7,rware-img-3-tiny-2ag-v2,rware-img-3-tiny-2ag-v2,3001000,0,right,0.2222222222222222
4,7,rware-img-3-tiny-2ag-v2,rware-img-3-tiny-2ag-v2,3001000,0,load,0.0
0,7,rware-img-3-tiny-2ag-v2,rware-img-3-tiny-2ag-v2,3001000,1,noop,0.0
1,7,rware-img-3-tiny-2ag-v2,rware-img-3-tiny-2ag-v2,3001000,1,forward,0.055232558139534885
2,7,rware-img-3-tiny-2ag-v2,rware-img-3-tiny-2ag-v2,3001000,1,left,0.05802047781569966
3,7,rware-img-3-tiny-2ag-v2,rware-img-3-tiny-2ag-v2,3001000,1,right,0.0
4,7,rware-img-3-tiny-2ag-v2,rware-img-3-tiny-2ag-v2,3001000,1,load,0.2857142857142857
0,7,rware-img-3-tiny-2ag-v2,rware-img-3-tiny-2ag-v2,4001000,0,noop,0.0
1,7,rware-img-3-tiny-2ag-v2,rware-img-3-tiny-2ag-v2,4001000,0,forward,0.3374045801526718
2,7,rware-img-3-tiny-2ag-v2,rware-img-3-tiny-2ag-v2,4001000,0,left,0.12576687116564417
3,7,rware-img-3-tiny-2ag-v2,rware-img-3-tiny-2ag-v2,4001000,0,right,0.0
4,7,rware-img-3-tiny-2ag-v2,rware-img-3-tiny-2ag-v2,4001000,0,load,0.0
0,7,rware-img-3-tiny-2ag-v2,rware-img-3-tiny-2ag-v2,4001000,1,noop,0.0
1,7,rware-img-3-tiny-2ag-v2,rware-img-3-tiny-2ag-v2,4001000,1,forward,0.0527086383601757
2,7,rware-img-3-tiny-2ag-v2,rware-img-3-tiny-2ag-v2,4001000,1,left,0.07272727272727272
3,7,rware-img-3-tiny-2ag-v2,rware-img-3-tiny-2ag-v2,4001000,1,right,0.0
4,7,rware-img-3-tiny-2ag-v2,rware-img-3-tiny-2ag-v2,4001000,1,load,0.16666666666666666
0,7,rware-img-3-tiny-2ag-v2,rware-img-3-tiny-2ag-v2,5001000,0,noop,0.0
1,7,rware-img-3-tiny-2ag-v2,rware-img-3-tiny-2ag-v2,5001000,0,forward,0.20372836218375498
2,7,rware-img-3-tiny-2ag-v2,rware-img-3-tiny-2ag-v2,5001000,0,left,0.07027027027027027
3,7,rware-img-3-tiny-2ag-v2,rware-img-3-tiny-2ag-v2,5001000,0,right,0.0
4,7,rware-img-3-tiny-2ag-v2,rware-img-3-tiny-2ag-v2,5001000,0,load,0.0
0,7,rware-img-3-tiny-2ag-v2,rware-img-3-tiny-2ag-v2,5001000,1,noop,0.0
1,7,rware-img-3-tiny-2ag-v2,rware-img-3-tiny-2ag-v2,5001000,1,forward,0.09414758269720101
2,7,rware-img-3-tiny-2ag-v2,rware-img-3-tiny-2ag-v2,5001000,1,left,0.13872832369942195
3,7,rware-img-3-tiny-2ag-v2,rware-img-3-tiny-2ag-v2,5001000,1,right,0.09090909090909091
4,7,rware-img-3-tiny-2ag-v2,rware-img-3-tiny-2ag-v2,5001000,1,load,0.48717948717948717
0,7,rware-img-3-tiny-2ag-v2,rware-img-3-tiny-2ag-v2,6001000,0,noop,0.0
1,7,rware-img-3-tiny-2ag-v2,rware-img-3-tiny-2ag-v2,6001000,0,forward,0.16266666666666665
2,7,rware-img-3-tiny-2ag-v2,rware-img-3-tiny-2ag-v2,6001000,0,left,0.17
3,7,rware-img-3-tiny-2ag-v2,rware-img-3-tiny-2ag-v2,6001000,0,right,0.045454545454545456
4,7,rware-img-3-tiny-2ag-v2,rware-img-3-tiny-2ag-v2,6001000,0,load,0.6052631578947368
0,7,rware-img-3-tiny-2ag-v2,rware-img-3-tiny-2ag-v2,6001000,1,noop,0.0
1,7,rware-img-3-tiny-2ag-v2,rware-img-3-tiny-2ag-v2,6001000,1,forward,0.17592592592592593
2,7,rware-img-3-tiny-2ag-v2,rware-img-3-tiny-2ag-v2,6001000,1,left,0.21025641025641026
3,7,rware-img-3-tiny-2ag-v2,rware-img-3-tiny-2ag-v2,6001000,1,right,0.0
4,7,rware-img-3-tiny-2ag-v2,rware-img-3-tiny-2ag-v2,6001000,1,load,0.5476190476190477
0,7,rware-img-3-tiny-2ag-v2,rware-img-3-tiny-2ag-v2,7001000,0,noop,0.0
1,7,rware-img-3-tiny-2ag-v2,rware-img-3-tiny-2ag-v2,7001000,0,forward,0.21895006402048656
2,7,rware-img-3-tiny-2ag-v2,rware-img-3-tiny-2ag-v2,7001000,0,left,0.16574585635359115
3,7,rware-img-3-tiny-2ag-v2,rware-img-3-tiny-2ag-v2,7001000,0,right,0.13333333333333333
4,7,rware-img-3-tiny-2ag-v2,rware-img-3-tiny-2ag-v2,7001000,0,load,0.5757575757575758
0,7,rware-img-3-tiny-2ag-v2,rware-img-3-tiny-2ag-v2,7001000,1,noop,0.0
1,7,rware-img-3-tiny-2ag-v2,rware-img-3-tiny-2ag-v2,7001000,1,forward,0.14193548387096774
2,7,rware-img-3-tiny-2ag-v2,rware-img-3-tiny-2ag-v2,7001000,1,left,0.2
3,7,rware-img-3-tiny-2ag-v2,rware-img-3-tiny-2ag-v2,7001000,1,right,0.16666666666666666
4,7,rware-img-3-tiny-2ag-v2,rware-img-3-tiny-2ag-v2,7001000,1,load,0.05263157894736842
0,7,rware-img-3-tiny-2ag-v2,rware-img-3-tiny-2ag-v2,20001000,0,noop,0.0
1,7,rware-img-3-tiny-2ag-v2,rware-img-3-tiny-2ag-v2,20001000,0,forward,0.1715076071922545
2,7,rware-img-3-tiny-2ag-v2,rware-img-3-tiny-2ag-v2,20001000,0,left,0.009569377990430622
3,7,rware-img-3-tiny-2ag-v2,rware-img-3-tiny-2ag-v2,20001000,0,right,0.0
4,7,rware-img-3-tiny-2ag-v2,rware-img-3-tiny-2ag-v2,20001000,0,load,0.5116279069767442
0,7,rware-img-3-tiny-2ag-v2,rware-img-3-tiny-2ag-v2,20001000,1,noop,0.0
1,7,rware-img-3-tiny-2ag-v2,rware-img-3-tiny-2ag-v2,20001000,1,forward,0.1978319783197832
2,7,rware-img-3-tiny-2ag-v2,rware-img-3-tiny-2ag-v2,20001000,1,left,0.203125
3,7,rware-img-3-tiny-2ag-v2,rware-img-3-tiny-2ag-v2,20001000,1,right,0.0
4,7,rware-img-3-tiny-2ag-v2,rware-img-3-tiny-2ag-v2,20001000,1,load,0.525
0,8,rware-img-3-tiny-2ag-v2,rware-img-3-tiny-2ag-v2,1001000,0,noop,0.0
1,8,rware-img-3-tiny-2ag-v2,rware-img-3-tiny-2ag-v2,1001000,0,forward,0.0390625
2,8,rware-img-3-tiny-2ag-v2,rware-img-3-tiny-2ag-v2,1001000,0,left,0.04143646408839779
3,8,rware-img-3-tiny-2ag-v2,rware-img-3-tiny-2ag-v2,1001000,0,right,0.08540925266903915
4,8,rware-img-3-tiny-2ag-v2,rware-img-3-tiny-2ag-v2,1001000,0,load,0.1532258064516129
0,8,rware-img-3-tiny-2ag-v2,rware-img-3-tiny-2ag-v2,1001000,1,noop,0.0
1,8,rware-img-3-tiny-2ag-v2,rware-img-3-tiny-2ag-v2,1001000,1,forward,0.128
2,8,rware-img-3-tiny-2ag-v2,rware-img-3-tiny-2ag-v2,1001000,1,left,0.1341772151898734
3,8,rware-img-3-tiny-2ag-v2,rware-img-3-tiny-2ag-v2,1001000,1,right,0.024734982332155476
4,8,rware-img-3-tiny-2ag-v2,rware-img-3-tiny-2ag-v2,1001000,1,load,0.1
0,8,rware-img-3-tiny-2ag-v2,rware-img-3-tiny-2ag-v2,2001000,0,noop,0.0
1,8,rware-img-3-tiny-2ag-v2,rware-img-3-tiny-2ag-v2,2001000,0,forward,0.14376996805111822
2,8,rware-img-3-tiny-2ag-v2,rware-img-3-tiny-2ag-v2,2001000,0,left,0.10220440881763528
3,8,rware-img-3-tiny-2ag-v2,rware-img-3-tiny-2ag-v2,2001000,0,right,0.014492753623188406
4,8,rware-img-3-tiny-2ag-v2,rware-img-3-tiny-2ag-v2,2001000,0,load,0.06
0,8,rware-img-3-tiny-2ag-v2,rware-img-3-tiny-2ag-v2,2001000,1,noop,0.0
1,8,rware-img-3-tiny-2ag-v2,rware-img-3-tiny-2ag-v2,2001000,1,forward,0.06432748538011696
2,8,rware-img-3-tiny-2ag-v2,rware-img-3-tiny-2ag-v2,2001000,1,left,0.4796116504854369
3,8,rware-img-3-tiny-2ag-v2,rware-img-3-tiny-2ag-v2,2001000,1,right,0.05454545454545454
4,8,rware-img-3-tiny-2ag-v2,rware-img-3-tiny-2ag-v2,2001000,1,load,0.05263157894736842
0,8,rware-img-3-tiny-2ag-v2,rware-img-3-tiny-2ag-v2,3001000,0,noop,0.0
1,8,rware-img-3-tiny-2ag-v2,rware-img-3-tiny-2ag-v2,3001000,0,forward,0.15499254843517138
2,8,rware-img-3-tiny-2ag-v2,rware-img-3-tiny-2ag-v2,3001000,0,left,0.06827309236947791
3,8,rware-img-3-tiny-2ag-v2,rware-img-3-tiny-2ag-v2,3001000,0,right,0.1111111111111111
4,8,rware-img-3-tiny-2ag-v2,rware-img-3-tiny-2ag-v2,3001000,0,load,0.1
0,8,rware-img-3-tiny-2ag-v2,rware-img-3-tiny-2ag-v2,3001000,1,noop,0.0
1,8,rware-img-3-tiny-2ag-v2,rware-img-3-tiny-2ag-v2,3001000,1,forward,0.10755813953488372
2,8,rware-img-3-tiny-2ag-v2,rware-img-3-tiny-2ag-v2,3001000,1,left,0.08873720136518772
3,8,rware-img-3-tiny-2ag-v2,rware-img-3-tiny-2ag-v2,3001000,1,right,0.14285714285714285
4,8,rware-img-3-tiny-2ag-v2,rware-img-3-tiny-2ag-v2,3001000,1,load,0.0
0,8,rware-img-3-tiny-2ag-v2,rware-img-3-tiny-2ag-v2,4001000,0,noop,0.0
1,8,rware-img-3-tiny-2ag-v2,rware-img-3-tiny-2ag-v2,4001000,0,forward,0.2961832061068702
2,8,rware-img-3-tiny-2ag-v2,rware-img-3-tiny-2ag-v2,4001000,0,left,0.02147239263803681
3,8,rware-img-3-tiny-2ag-v2,rware-img-3-tiny-2ag-v2,4001000,0,right,0.0
4,8,rware-img-3-tiny-2ag-v2,rware-img-3-tiny-2ag-v2,4001000,0,load,0.23076923076923078
0,8,rware-img-3-tiny-2ag-v2,rware-img-3-tiny-2ag-v2,4001000,1,noop,0.0
1,8,rware-img-3-tiny-2ag-v2,rware-img-3-tiny-2ag-v2,4001000,1,forward,0.36603221083455345
2,8,rware-img-3-tiny-2ag-v2,rware-img-3-tiny-2ag-v2,4001000,1,left,0.23272727272727273
3,8,rware-img-3-tiny-2ag-v2,rware-img-3-tiny-2ag-v2,4001000,1,right,0.0
4,8,rware-img-3-tiny-2ag-v2,rware-img-3-tiny-2ag-v2,4001000,1,load,0.16666666666666666
0,8,rware-img-3-tiny-2ag-v2,rware-img-3-tiny-2ag-v2,5001000,0,noop,0.0
1,8,rware-img-3-tiny-2ag-v2,rware-img-3-tiny-2ag-v2,5001000,0,forward,0.09054593874833555
2,8,rware-img-3-tiny-2ag-v2,rware-img-3-tiny-2ag-v2,5001000,0,left,0.15675675675675677
3,8,rware-img-3-tiny-2ag-v2,rware-img-3-tiny-2ag-v2,5001000,0,right,0.0
4,8,rware-img-3-tiny-2ag-v2,rware-img-3-tiny-2ag-v2,5001000,0,load,0.5882352941176471
0,8,rware-img-3-tiny-2ag-v2,rware-img-3-tiny-2ag-v2,5001000,1,noop,0.0
1,8,rware-img-3-tiny-2ag-v2,rware-img-3-tiny-2ag-v2,5001000,1,forward,0.1475826972010178
2,8,rware-img-3-tiny-2ag-v2,rware-img-3-tiny-2ag-v2,5001000,1,left,0.023121387283236993
3,8,rware-img-3-tiny-2ag-v2,rware-img-3-tiny-2ag-v2,5001000,1,right,0.18181818181818182
4,8,rware-img-3-tiny-2ag-v2,rware-img-3-tiny-2ag-v2,5001000,1,load,0.48717948717948717
0,8,rware-img-3-tiny-2ag-v2,rware-img-3-tiny-2ag-v2,6001000,0,noop,0.0
1,8,rware-img-3-tiny-2ag-v2,rware-img-3-tiny-2ag-v2,6001000,0,forward,0.17333333333333334
2,8,rware-img-3-tiny-2ag-v2,rware-img-3-tiny-2ag-v2,6001000,0,left,0.265
3,8,rware-img-3-tiny-2ag-v2,rware-img-3-tiny-2ag-v2,6001000,0,right,0.18181818181818182
4,8,rware-img-3-tiny-2ag-v2,rware-img-3-tiny-2ag-v2,6001000,0,load,0.5526315789473685
0,8,rware-img-3-tiny-2ag-v2,rware-img-3-tiny-2ag-v2,6001000,1,noop,0.0
1,8,rware-img-3-tiny-2ag-v2,rware-img-3-tiny-2ag-v2,6001000,1,forward,0.1164021164021164
2,8,rware-img-3-tiny-2ag-v2,rware-img-3-tiny-2ag-v2,6001000,1,left,0.11794871794871795
3,8,rware-img-3-tiny-2ag-v2,rware-img-3-tiny-2ag-v2,6001000,1,right,0.17647058823529413
4,8,rware-img-3-tiny-2ag-v2,rware-img-3-tiny-2ag-v2,6001000,1,load,0.5952380952380952
0,8,rware-img-3-tiny-2ag-v2,rware-img-3-tiny-2ag-v2,7001000,0,noop,0.0
1,8,rware-img-3-tiny-2ag-v2,rware-img-3-tiny-2ag-v2,7001000,0,forward,0.12804097311139565
2,8,rware-img-3-tiny-2ag-v2,rware-img-3-tiny-2ag-v2,7001000,0,left,0.19889502762430938
3,8,rware-img-3-tiny-2ag-v2,rware-img-3-tiny-2ag-v2,7001000,0,right,0.0
4,8,rware-img-3-tiny-2ag-v2,rware-img-3-tiny-2ag-v2,7001000,0,load,0.5454545454545454
0,8,rware-img-3-tiny-2ag-v2,rware-img-3-tiny-2ag-v2,7001000,1,noop,0.0
1,8,rware-img-3-tiny-2ag-v2,rware-img-3-tiny-2ag-v2,7001000,1,forward,0.16
2,8,rware-img-3-tiny-2ag-v2,rware-img-3-tiny-2ag-v2,7001000,1,left,0.05405405405405406
3,8,rware-img-3-tiny-2ag-v2,rware-img-3-tiny-2ag-v2,7001000,1,right,0.0
4,8,rware-img-3-tiny-2ag-v2,rware-img-3-tiny-2ag-v2,7001000,1,load,0.5526315789473685
0,8,rware-img-3-tiny-2ag-v2,rware-img-3-tiny-2ag-v2,20001000,0,noop,0.0
1,8,rware-img-3-tiny-2ag-v2,rware-img-3-tiny-2ag-v2,20001000,0,forward,0.2600276625172891
2,8,rware-img-3-tiny-2ag-v2,rware-img-3-tiny-2ag-v2,20001000,0,left,0.11961722488038277
3,8,rware-img-3-tiny-2ag-v2,rware-img-3-tiny-2ag-v2,20001000,0,right,0.030303030303030304
4,8,rware-img-3-tiny-2ag-v2,rware-img-3-tiny-2ag-v2,20001000,0,load,0.4883720930232558
0,8,rware-img-3-tiny-2ag-v2,rware-img-3-tiny-2ag-v2,20001000,1,noop,0.0
1,8,rware-img-3-tiny-2ag-v2,rware-img-3-tiny-2ag-v2,20001000,1,forward,0.11788617886178862
2,8,rware-img-3-tiny-2ag-v2,rware-img-3-tiny-2ag-v2,20001000,1,left,0.08333333333333333
3,8,rware-img-3-tiny-2ag-v2,rware-img-3-tiny-2ag-v2,20001000,1,right,0.0
4,8,rware-img-3-tiny-2ag-v2,rware-img-3-tiny-2ag-v2,20001000,1,load,0.575
0,9,rware-img-3-tiny-2ag-v2,rware-img-3-tiny-2ag-v2,1001000,0,noop,0.0
1,9,rware-img-3-tiny-2ag-v2,rware-img-3-tiny-2ag-v2,1001000,0,forward,0.2890625
2,9,rware-img-3-tiny-2ag-v2,rware-img-3-tiny-2ag-v2,1001000,0,left,0.0027624309392265192
3,9,rware-img-3-tiny-2ag-v2,rware-img-3-tiny-2ag-v2,1001000,0,right,0.010676156583629894
4,9,rware-img-3-tiny-2ag-v2,rware-img-3-tiny-2ag-v2,1001000,0,load,0.11290322580645161
0,9,rware-img-3-tiny-2ag-v2,rware-img-3-tiny-2ag-v2,1001000,1,noop,0.0
1,9,rware-img-3-tiny-2ag-v2,rware-img-3-tiny-2ag-v2,1001000,1,forward,0.176
2,9,rware-img-3-tiny-2ag-v2,rware-img-3-tiny-2ag-v2,1001000,1,left,0.3265822784810127
3,9,rware-img-3-tiny-2ag-v2,rware-img-3-tiny-2ag-v2,1001000,1,right,0.10954063604240283
4,9,rware-img-3-tiny-2ag-v2,rware-img-3-tiny-2ag-v2,1001000,1,load,0.11666666666666667
0,9,rware-img-3-tiny-2ag-v2,rware-img-3-tiny-2ag-v2,2001000,0,noop,0.0
1,9,rware-img-3-tiny-2ag-v2,rware-img-3-tiny-2ag-v2,2001000,0,forward,0.009584664536741214
2,9,rware-img-3-tiny-2ag-v2,rware-img-3-tiny-2ag-v2,2001000,0,left,0.1523046092184369
3,9,rware-img-3-tiny-2ag-v2,rware-img-3-tiny-2ag-v2,2001000,0,right,0.11594202898550725
4,9,rware-img-3-tiny-2ag-v2,rware-img-3-tiny-2ag-v2,2001000,0,load,0.02
0,9,rware-img-3-tiny-2ag-v2,rware-img-3-tiny-2ag-v2,2001000,1,noop,0.0
1,9,rware-img-3-tiny-2ag-v2,rware-img-3-tiny-2ag-v2,2001000,1,forward,0.22514619883040934
2,9,rware-img-3-tiny-2ag-v2,rware-img-3-tiny-2ag-v2,2001000,1,left,0.45436893203883494
3,9,rware-img-3-tiny-2ag-v2,rware-img-3-tiny-2ag-v2,2001000,1,right,0.23636363636363636
4,9,rware-img-3-tiny-2ag-v2,rware-img-3-tiny-2ag-v2,2001000,1,load,0.09210526315789473
0,9,rware-img-3-tiny-2ag-v2,rware-img-3-tiny-2ag-v2,3001000,0,noop,0.0
1,9,rware-img-3-tiny-2ag-v2,rware-img-3-tiny-2ag-v2,3001000,0,forward,0.11326378539493294
2,9,rware-img-3-tiny-2ag-v2,rware-img-3-tiny-2ag-v2,3001000,0,left,0.17269076305220885
3,9,rware-img-3-tiny-2ag-v2,rware-img-3-tiny-2ag-v2,3001000,0,right,0.0
4,9,rware-img-3-tiny-2ag-v2,rware-img-3-tiny-2ag-v2,3001000,0,load,0.0
0,9,rware-img-3-tiny-2ag-v2,rware-img-3-tiny-2ag-v2,3001000,1,noop,0.0
1,9,rware-img-3-tiny-2ag-v2,rware-img-3-tiny-2ag-v2,3001000,1,forward,0.04505813953488372
2,9,rware-img-3-tiny-2ag-v2,rware-img-3-tiny-2ag-v2,3001000,1,left,0.1296928327645051
3,9,rware-img-3-tiny-2ag-v2,rware-img-3-tiny-2ag-v2,3001000,1,right,0.0
4,9,rware-img-3-tiny-2ag-v2,rware-img-3-tiny-2ag-v2,3001000,1,load,0.0
0,9,rware-img-3-tiny-2ag-v2,rware-img-3-tiny-2ag-v2,4001000,0,noop,0.0
1,9,rware-img-3-tiny-2ag-v2,rware-img-3-tiny-2ag-v2,4001000,0,forward,0.2885496183206107
2,9,rware-img-3-tiny-2ag-v2,rware-img-3-tiny-2ag-v2,4001000,0,left,0.03987730061349693
3,9,rware-img-3-tiny-2ag-v2,rware-img-3-tiny-2ag-v2,4001000,0,right,0.0
4,9,rware-img-3-tiny-2ag-v2,rware-img-3-tiny-2ag-v2,4001000,0,load,0.19230769230769232
0,9,rware-img-3-tiny-2ag-v2,rware-img-3-tiny-2ag-v2,4001000,1,noop,0.0
1,9,rware-img-3-tiny-2ag-v2,rware-img-3-tiny-2ag-v2,4001000,1,forward,0.05856515373352855
2,9,rware-img-3-tiny-2ag-v2,rware-img-3-tiny-2ag-v2,4001000,1,left,0.06545454545454546
3,9,rware-img-3-tiny-2ag-v2,rware-img-3-tiny-2ag-v2,4001000,1,right,0.0
4,9,rware-img-3-tiny-2ag-v2,rware-img-3-tiny-2ag-v2,4001000,1,load,0.0
0,9,rware-img-3-tiny-2ag-v2,rware-img-3-tiny-2ag-v2,5001000,0,noop,0.0
1,9,rware-img-3-tiny-2ag-v2,rware-img-3-tiny-2ag-v2,5001000,0,forward,0.2729693741677763
2,9,rware-img-3-tiny-2ag-v2,rware-img-3-tiny-2ag-v2,5001000,0,left,0.14054054054054055
3,9,rware-img-3-tiny-2ag-v2,rware-img-3-tiny-2ag-v2,5001000,0,right,0.0
4,9,rware-img-3-tiny-2ag-v2,rware-img-3-tiny-2ag-v2,5001000,0,load,0.25
0,9,rware-img-3-tiny-2ag-v2,rware-img-3-tiny-2ag-v2,5001000,1,noop,0.0
1,9,rware-img-3-tiny-2ag-v2,rware-img-3-tiny-2ag-v2,5001000,1,forward,0.12340966921119594
2,9,rware-img-3-tiny-2ag-v2,rware-img-3-tiny-2ag-v2,5001000,1,left,0.017341040462427744
3,9,rware-img-3-tiny-2ag-v2,rware-img-3-tiny-2ag-v2,5001000,1,right,0.36363636363636365
4,9,rware-img-3-tiny-2ag-v2,rware-img-3-tiny-2ag-v2,5001000,1,load,0.46153846153846156
0,9,rware-img-3-tiny-2ag-v2,rware-img-3-tiny-2ag-v2,6001000,0,noop,0.0
1,9,rware-img-3-tiny-2ag-v2,rware-img-3-tiny-2ag-v2,6001000,0,forward,0.17466666666666666
2,9,rware-img-3-tiny-2ag-v2,rware-img-3-tiny-2ag-v2,6001000,0,left,0.245
3,9,rware-img-3-tiny-2ag-v2,rware-img-3-tiny-2ag-v2,6001000,0,right,0.09090909090909091
4,9,rware-img-3-tiny-2ag-v2,rware-img-3-tiny-2ag-v2,6001000,0,load,0.5526315789473685
0,9,rware-img-3-tiny-2ag-v2,rware-img-3-tiny-2ag-v2,6001000,1,noop,0.0
1,9,rware-img-3-tiny-2ag-v2,rware-img-3-tiny-2ag-v2,6001000,1,forward,0.1402116402116402
2,9,rware-img-3-tiny-2ag-v2,rware-img-3-tiny-2ag-v2,6001000,1,left,0.20512820512820512
3,9,rware-img-3-tiny-2ag-v2,rware-img-3-tiny-2ag-v2,6001000,1,right,0.0
4,9,rware-img-3-tiny-2ag-v2,rware-img-3-tiny-2ag-v2,6001000,1,load,0.5476190476190477
0,9,rware-img-3-tiny-2ag-v2,rware-img-3-tiny-2ag-v2,7001000,0,noop,0.0
1,9,rware-img-3-tiny-2ag-v2,rware-img-3-tiny-2ag-v2,7001000,0,forward,0.21510883482714468
2,9,rware-img-3-tiny-2ag-v2,rware-img-3-tiny-2ag-v2,7001000,0,left,0.1712707182320442
3,9,rware-img-3-tiny-2ag-v2,rware-img-3-tiny-2ag-v2,7001000,0,right,0.06666666666666667
4,9,rware-img-3-tiny-2ag-v2,rware-img-3-tiny-2ag-v2,7001000,0,load,0.06060606060606061
0,9,rware-img-3-tiny-2ag-v2,rware-img-3-tiny-2ag-v2,7001000,1,noop,0.0
1,9,rware-img-3-tiny-2ag-v2,rware-img-3-tiny-2ag-v2,7001000,1,forward,0.12258064516129032
2,9,rware-img-3-tiny-2ag-v2,rware-img-3-tiny-2ag-v2,7001000,1,left,0.21621621621621623
3,9,rware-img-3-tiny-2ag-v2,rware-img-3-tiny-2ag-v2,7001000,1,right,0.08333333333333333
4,9,rware-img-3-tiny-2ag-v2,rware-img-3-tiny-2ag-v2,7001000,1,load,0.6052631578947368
0,9,rware-img-3-tiny-2ag-v2,rware-img-3-tiny-2ag-v2,20001000,0,noop,0.0
1,9,rware-img-3-tiny-2ag-v2,rware-img-3-tiny-2ag-v2,20001000,0,forward,0.17427385892116182
2,9,rware-img-3-tiny-2ag-v2,rware-img-3-tiny-2ag-v2,20001000,0,left,0.15311004784688995
3,9,rware-img-3-tiny-2ag-v2,rware-img-3-tiny-2ag-v2,20001000,0,right,0.0
4,9,rware-img-3-tiny-2ag-v2,rware-img-3-tiny-2ag-v2,20001000,0,load,0.5348837209302325
0,9,rware-img-3-tiny-2ag-v2,rware-img-3-tiny-2ag-v2,20001000,1,noop,0.0
1,9,rware-img-3-tiny-2ag-v2,rware-img-3-tiny-2ag-v2,20001000,1,forward,0.17208672086720866
2,9,rware-img-3-tiny-2ag-v2,rware-img-3-tiny-2ag-v2,20001000,1,left,0.22916666666666666
3,9,rware-img-3-tiny-2ag-v2,rware-img-3-tiny-2ag-v2,20001000,1,right,0.15
4,9,rware-img-3-tiny-2ag-v2,rware-img-3-tiny-2ag-v2,20001000,1,load,0.525
